Soil,temperature,humidity,rainfall,label
Clay Soil,20.87974371,82.00274423,202.9355362,rice
Clay Soil,21.77046169,80.31964408,226.6555374,rice
Clay Soil,23.00445915,82.3207629,263.9642476,rice
Clay Soil,26.49109635,80.15836264,242.8640342,rice
Clay Soil,20.13017482,81.60487287,262.7173405,rice
Clay Soil,23.05804872,83.37011772,251.0549998,rice
Clay Soil,22.70883798,82.63941394,271.3248604,rice
Clay Soil,20.27774362,82.89408619,241.9741949,rice
Clay Soil,24.51588066,83.5352163,230.4462359,rice
Clay Soil,23.22397386,83.03322691,221.2091958,rice
Clay Soil,26.52723513,81.41753846,264.6148697,rice
Clay Soil,23.97898217,81.45061596,250.0832336,rice
Clay Soil,26.80079604,80.88684822,284.4364567,rice
Clay Soil,24.01497622,82.05687182,185.2773389,rice
Clay Soil,25.66585205,80.66385045,209.5869708,rice
Clay Soil,24.28209415,80.30025587,231.0863347,rice
Clay Soil,21.58711777,82.7883708,276.6552459,rice
Clay Soil,23.79391957,80.41817957,206.2611855,rice
Clay Soil,21.8652524,80.1923008,224.5550169,rice
Clay Soil,23.57943626,83.58760316,291.2986618,rice
Clay Soil,21.32504158,80.47476396,185.4974732,rice
Clay Soil,25.15745531,83.11713476,231.3843163,rice
Clay Soil,21.94766735,80.97384195,213.3560921,rice
Clay Soil,21.0525355,82.67839517,233.1075816,rice
Clay Soil,23.48381344,81.33265073,224.0581164,rice
Clay Soil,25.0756354,80.52389148,257.0038865,rice
Clay Soil,26.35927159,84.04403589,271.3586137,rice
Clay Soil,24.52922681,80.54498576,260.2634026,rice
Clay Soil,20.77576147,84.49774397,240.0810647,rice
Clay Soil,22.30157427,80.64416466,197.9791215,rice
Clay Soil,21.44653958,84.94375962,272.2017204,rice
Clay Soil,22.17931888,80.33127223,200.0882787,rice
Clay Soil,24.52783742,82.73685569,224.6757231,rice
Clay Soil,20.26707606,81.63895217,270.4417274,rice
Clay Soil,25.7354293,83.88266234,233.1321372,rice
Clay Soil,26.79533926,82.1480873,193.3473987,rice
Clay Soil,26.75754171,81.17734011,272.2999056,rice
Clay Soil,23.86330467,83.15250801,285.2493645,rice
Clay Soil,21.01944696,82.95221726,298.4018471,rice
Clay Soil,24.17298839,83.7287574,257.0343554,rice
Clay Soil,22.78133816,82.06719137,248.7183228,rice
Clay Soil,25.62980105,83.52842314,209.9001977,rice
Clay Soil,25.59704938,80.14509262,200.834898,rice
Clay Soil,23.83067496,84.81360127,298.5601175,rice
Clay Soil,26.31355498,82.36698992,265.5355937,rice
Clay Soil,24.8972823,80.52586088,183.6793207,rice
Clay Soil,24.958779,84.47963372,196.9560008,rice
Clay Soil,23.24113501,84.59201843,233.0453455,rice
Clay Soil,21.66628296,80.70960551,210.8142087,rice
Alluvial Soil,24.63544858,80.41363018,253.7202781,rice
Alluvial Soil,23.43121862,83.06310136,219.9048349,rice
Alluvial Soil,20.0454142,80.3477562,208.5810155,rice
Alluvial Soil,23.85724032,82.22572988,195.0948311,rice
Alluvial Soil,21.97199397,81.89918197,227.3637009,rice
Alluvial Soil,26.22916897,83.83625819,286.5083725,rice
Alluvial Soil,23.44676801,84.79352417,283.9338466,rice
Alluvial Soil,25.65553461,83.47021081,217.3788583,rice
Alluvial Soil,24.44345477,82.45432595,267.9761948,rice
Alluvial Soil,20.2801937,82.1235421,191.9535738,rice
Alluvial Soil,21.7238313,80.2389895,277.9626192,rice
Alluvial Soil,20.41447029,82.20802629,245.1511304,rice
Alluvial Soil,25.75528612,83.51827127,245.6626799,rice
Alluvial Soil,20.61521424,83.77345559,279.5451717,rice
Alluvial Soil,21.84106875,80.72886384,202.3838319,rice
Alluvial Soil,20.08369642,83.29114712,263.6372176,rice
Alluvial Soil,24.45802087,82.74835604,182.5616319,rice
Alluvial Soil,21.14347496,80.33502926,198.6730942,rice
Alluvial Soil,25.78720567,82.11124033,243.5120414,rice
Alluvial Soil,23.64124821,80.28597873,263.1103304,rice
Alluvial Soil,23.43191632,80.56887849,269.5039162,rice
Alluvial Soil,24.97669518,83.891805,204.8001847,rice
Alluvial Soil,22.72791041,82.1706881,260.8875056,rice
Alluvial Soil,24.87300744,82.84022551,295.6094492,rice
Alluvial Soil,21.32376327,83.00320459,192.3197536,rice
Red Soil,26.29465461,84.56919326,257.4914906,rice
Red Soil,22.2286982,81.85872947,278.0791793,rice
Red Soil,26.73072391,81.78596776,280.4044392,rice
Red Soil,24.88921174,81.97927117,185.9461429,rice
Red Soil,26.88444878,81.46033732,194.5766559,rice
Red Soil,22.67846116,83.72874389,200.9133156,rice
Red Soil,26.08867875,80.37979919,182.9043504,rice
Red Soil,25.42977518,82.94682591,195.3574542,rice
Red Soil,26.40323239,81.05635517,223.3671883,rice
Red Soil,26.04371967,84.96907151,186.7536773,rice
Red Soil,25.2827223,80.54372813,220.1156708,rice
Red Soil,22.08576562,83.47038318,231.7364957,rice
Red Soil,23.28617173,81.43321641,242.3170629,rice
Red Soil,25.48591986,81.40633547,182.6549356,rice
Red Soil,23.67575393,81.03569343,233.7034975,rice
Red Soil,20.82477109,84.1341879,230.2242223,rice
Red Soil,26.92995077,81.91411159,290.6793783,rice
Red Soil,23.83509503,83.88387074,241.2013513,rice
Red Soil,26.52872817,80.12267476,218.9163567,rice
Red Soil,26.46428311,83.85642678,248.2256491,rice
Red Soil,22.69657794,82.81088865,256.9964761,rice
Red Soil,22.68319059,83.46358271,194.2651719,rice
Red Soil,21.53346343,82.14004101,295.9248796,rice
Red Soil,21.40865769,83.3293191,287.5766935,rice
Red Soil,26.54348085,84.67353597,183.6222657,rice
Red Soil,23.35905428,83.59512273,188.413665,rice
Black Soil,22.61359953,63.69070564,87.75953857,maize
Black Soil,26.10018422,71.57476937,102.2662445,maize
Black Soil,23.55882094,71.59351368,66.71995467,maize
Black Soil,19.97215954,57.68272924,60.65171481,maize
Black Soil,18.47891261,62.69503871,65.43835393,maize
Black Soil,21.77689322,57.80840636,102.0861694,maize
Black Soil,25.6217169,66.50415474,105.4654703,maize
Black Soil,25.19192419,66.6902901,78.06639649,maize
Black Soil,20.41683147,62.5542482,65.27798457,maize
Black Soil,24.92162194,66.78627406,109.2162279,maize
Black Soil,23.31689124,73.4541537,94.29712821,maize
Black Soil,24.84016732,68.3584573,74.05474936,maize
Black Soil,22.27526694,58.84015925,63.87020584,maize
Black Soil,18.87751445,65.76816093,94.76189431,maize
Black Soil,25.19008683,60.2001687,72.12375573,maize
Black Soil,18.25405352,55.28220433,63.72358154,maize
Black Soil,24.6129118,70.4162444,104.1626147,maize
Black Soil,25.1420613,65.26185135,76.68456006,maize
Black Soil,23.09348056,60.1159381,65.49730729,maize
Black Soil,18.05033737,62.89366992,84.23613484,maize
Black Soil,24.9321581,73.80435276,79.74078719,maize
Black Soil,18.14710054,71.09445342,88.07753741,maize
Black Soil,18.28362235,66.65952796,80.97573281,maize
Black Soil,18.83344471,58.75082029,79.7532896,maize
Black Soil,25.71895816,67.22190688,74.51490791,maize
Black Soil,25.33797709,68.49835977,96.46380213,maize
Black Soil,23.89114571,57.48775781,102.8301942,maize
Black Soil,21.53574127,71.50905983,102.4852929,maize
Black Soil,23.08974909,63.10459626,70.43473609,maize
Black Soil,25.61707368,63.4711755,108.8303762,maize
Black Soil,21.44526922,63.1621551,65.88951188,maize
Black Soil,18.51816776,55.53128131,90.988051,maize
Black Soil,22.53510514,67.99257471,64.40866039,maize
Black Soil,23.02038334,61.89472002,63.03843397,maize
Black Soil,24.89364635,65.61418761,87.9298085,maize
Black Soil,25.77175115,74.089114,107.4931917,maize
Black Soil,19.39851734,62.35750641,60.95197486,maize
Black Soil,21.54156232,59.64024162,109.7515385,maize
Black Soil,23.79746068,74.82913698,91.76337172,maize
Black Soil,18.9802729,74.52600826,94.26249353,maize
Black Soil,24.10859207,73.13112261,71.07562236,maize
Black Soil,24.7947077,70.04556743,76.72860067,maize
Black Soil,21.63162756,60.27766379,69.21803098,maize
Black Soil,25.37548751,57.21025565,101.7004306,maize
Black Soil,22.21738222,72.85462807,106.6213157,maize
Black Soil,20.58314011,69.00128641,66.29390357,maize
Black Soil,24.87502824,68.74248334,91.26056654,maize
Black Soil,20.03728219,56.35606753,109.024141,maize
Black Soil,25.95263264,61.89082199,99.57981207,maize
Black Soil,19.28889933,65.47050802,71.3195307,maize
Black Soil,20.57981887,65.34583901,78.34604471,maize
Black Soil,24.71417533,56.73426469,88.45361858,maize
Black Soil,20.27317074,63.91281869,62.50351892,maize
Black Soil,18.41932981,64.23580251,76.41312437,maize
Black Soil,23.39128187,61.74427165,107.3198135,maize
Black Soil,19.84939404,61.24500053,100.7689246,maize
Black Soil,21.869274,61.91044947,107.2681929,maize
Black Soil,22.8056033,56.50768935,101.5952794,maize
Black Soil,19.0781471,69.02298571,80.72515943,maize
Black Soil,22.02720976,65.35549924,83.73280082,maize
Black Soil,23.80546189,59.24537979,89.9622014,maize
Black Soil,18.52510753,69.0276233,88.10234397,maize
Black Soil,23.50297882,61.32026065,64.77791424,maize
Black Soil,26.54986394,72.89187265,73.33636055,maize
Black Soil,19.29563411,69.63481219,83.21030571,maize
Black Soil,20.68899915,59.4375337,103.651438,maize
Black Soil,19.32666088,68.034493,84.22969177,maize
Black Soil,24.60532218,73.58868502,96.59195302,maize
Black Soil,22.27373646,59.52193158,67.96704792,maize
Black Soil,25.70196694,61.33450447,83.20711308,maize
Black Soil,19.20129357,68.30578978,87.85092352,maize
Black Soil,21.70181447,60.47470519,95.71388473,maize
Black Soil,20.51716779,59.21235483,67.61013737,maize
Black Soil,23.30355338,73.62548442,97.59081274,maize
Black Soil,24.2547451,55.64709899,64.23845455,maize
Black Soil,24.86374934,65.7420046,75.82270467,maize
Black Soil,22.6265115,65.77472881,88.17251033,maize
Black Soil,18.04185513,60.61494304,104.2321615,maize
Black Soil,23.26237612,72.33125523,67.10225139,maize
Black Soil,22.88330922,71.59722446,67.72777298,maize
Black Soil,25.97482359,69.36385721,103.2234212,maize
Black Soil,26.14384005,66.20569924,107.2361366,maize
Black Soil,18.66116213,61.55327249,75.03247667,maize
Black Soil,25.10787449,55.97732754,78.16077693,maize
Black Soil,23.33844615,59.24580604,105.0083144,maize
Black Soil,25.08239719,65.92195844,62.49190812,maize
Black Soil,25.36768364,72.52054555,107.9124111,maize
Black Soil,25.34217103,63.31801994,74.52082026,maize
Black Soil,25.00933355,67.816568,62.91359494,maize
Black Soil,18.66746724,71.516474,69.93293255,maize
Black Soil,20.37999665,63.73849998,108.5054416,maize
Black Soil,18.09300227,72.61024172,78.96159541,maize
Black Soil,26.16985907,71.96246617,79.84925393,maize
Black Soil,18.65396672,61.37879671,93.62039175,maize
Black Soil,26.07470121,59.37147589,85.75692395,maize
Black Soil,18.92851916,72.80086137,82.34162918,maize
Black Soil,23.30546753,63.24648023,108.7603001,maize
Black Soil,18.74826712,62.49878458,70.23401597,maize
Black Soil,19.74213321,59.66263104,65.50861389,maize
Black Soil,25.73044432,70.74739256,98.73771338,maize
Alluvial Soil,17.02498456,16.98861173,88.55123143,chickpea
Alluvial Soil,19.02061277,17.13159126,79.92698081,chickpea
Alluvial Soil,17.88776475,15.40589717,68.54932919,chickpea
Alluvial Soil,18.86805647,15.65809214,88.51048983,chickpea
Alluvial Soil,18.36952567,19.56381041,79.26357665,chickpea
Alluvial Soil,20.45078582,15.40312102,92.68373702,chickpea
Alluvial Soil,20.6543203,16.60820843,74.6631118,chickpea
Alluvial Soil,17.3348681,18.74926979,82.61734721,chickpea
Alluvial Soil,18.17912258,18.90426935,81.84997529,chickpea
Alluvial Soil,18.01272266,18.30968112,81.98568791,chickpea
Alluvial Soil,20.99373558,19.33470387,93.55280105,chickpea
Alluvial Soil,19.46233971,15.22538951,74.58565097,chickpea
Alluvial Soil,19.81344531,14.69765308,78.96514709,chickpea
Alluvial Soil,18.97424756,19.5161216,80.7108745,chickpea
Alluvial Soil,18.19737048,14.71070537,70.18185181,chickpea
Alluvial Soil,18.72963144,19.18197264,71.58010169,chickpea
Alluvial Soil,20.99502153,19.8601304,73.50734019,chickpea
Alluvial Soil,20.28155898,16.39535215,82.52339655,chickpea
Alluvial Soil,17.48042641,15.7559405,66.96980581,chickpea
Alluvial Soil,20.88818675,14.32313811,90.46228334,chickpea
Alluvial Soil,17.08498521,16.14565756,71.31007253,chickpea
Alluvial Soil,20.09340593,15.11279612,85.74904898,chickpea
Alluvial Soil,17.57212145,14.99927489,89.31050665,chickpea
Alluvial Soil,19.12065218,18.43475844,85.52950164,chickpea
Alluvial Soil,18.57665902,19.22008229,72.94940441,chickpea
Alluvial Soil,17.16606398,14.42457525,72.32667516,chickpea
Alluvial Soil,18.2872007,16.67921616,74.87445574,chickpea
Alluvial Soil,19.03025305,18.66725565,94.70992037,chickpea
Alluvial Soil,17.1418614,17.0662427,83.74606679,chickpea
Alluvial Soil,17.47809436,17.93253975,78.92060234,chickpea
Alluvial Soil,20.56601874,14.25803981,83.75937135,chickpea
Alluvial Soil,17.22385224,15.82069268,76.57580954,chickpea
Alluvial Soil,19.69141713,19.44225438,91.76071648,chickpea
Alluvial Soil,17.84851658,19.09172907,76.32470713,chickpea
Alluvial Soil,18.8202251,16.1074793,89.73119396,chickpea
Alluvial Soil,17.47500984,16.54314829,93.35034262,chickpea
Alluvial Soil,18.72649425,17.58406365,81.20176515,chickpea
Alluvial Soil,18.65580107,16.17772668,81.70769297,chickpea
Alluvial Soil,18.2356751,19.68538502,83.74879344,chickpea
Alluvial Soil,18.81198127,15.21618225,77.5429424,chickpea
Alluvial Soil,18.65054116,17.80852431,77.92798682,chickpea
Alluvial Soil,20.36720401,16.89574311,82.2545577,chickpea
Alluvial Soil,18.38120357,16.63805158,70.52056697,chickpea
Alluvial Soil,17.17012591,17.30457712,72.78624223,chickpea
Alluvial Soil,19.37101121,15.77458129,85.24819851,chickpea
Alluvial Soil,17.92845928,14.27327988,85.37378769,chickpea
Alluvial Soil,19.45339934,18.23490739,75.6317566,chickpea
Alluvial Soil,19.12829388,14.92241479,89.61857826,chickpea
Alluvial Soil,19.1034283,17.26184541,75.49101167,chickpea
Alluvial Soil,17.48504075,16.96070581,86.05078037,chickpea
Alluvial Soil,19.40751744,18.98030507,80.25064637,chickpea
Alluvial Soil,20.18649426,19.63719995,78.26039559,chickpea
Alluvial Soil,17.30287885,15.15405941,75.57790384,chickpea
Alluvial Soil,17.50361137,15.48083156,72.9446671,chickpea
Alluvial Soil,18.17234999,14.70085967,90.7760707,chickpea
Alluvial Soil,17.57445618,16.71826572,77.81891424,chickpea
Alluvial Soil,20.93175255,18.91295403,78.06910795,chickpea
Alluvial Soil,19.71098332,17.63879418,85.57925437,chickpea
Alluvial Soil,19.07937684,17.86754927,69.40619137,chickpea
Alluvial Soil,18.54988627,16.02542689,76.32565249,chickpea
Alluvial Soil,18.19903647,17.41333199,80.6405403,chickpea
Alluvial Soil,18.88852533,14.99451145,80.1113384,chickpea
Alluvial Soil,18.49311205,14.72115044,91.94595352,chickpea
Alluvial Soil,19.48974337,17.17260319,87.51312796,chickpea
Alluvial Soil,17.25769499,18.74943955,94.00287214,chickpea
Alluvial Soil,19.62416326,18.71483156,88.4585692,chickpea
Alluvial Soil,20.67526473,19.85388984,84.78344008,chickpea
Alluvial Soil,20.02381489,16.63294455,68.97806542,chickpea
Alluvial Soil,20.1187446,14.44228303,88.68168643,chickpea
Alluvial Soil,20.65691793,15.84572566,65.23811143,chickpea
Alluvial Soil,19.2582557,14.2804191,65.78042032,chickpea
Alluvial Soil,17.927806,15.85622899,74.63872762,chickpea
Alluvial Soil,19.16288268,15.83500655,82.69766829,chickpea
Alluvial Soil,20.26942271,19.96978871,69.64449182,chickpea
Alluvial Soil,17.09104223,18.25142068,87.27444866,chickpea
Alluvial Soil,17.06579293,17.54024066,70.87150577,chickpea
Alluvial Soil,20.62767492,14.44008871,92.06630306,chickpea
Alluvial Soil,20.8248451,17.85057083,79.20509212,chickpea
Alluvial Soil,19.46210401,18.72831993,68.81405149,chickpea
Alluvial Soil,17.18248372,16.42891834,72.85017344,chickpea
Alluvial Soil,17.48911699,16.39055394,79.45758333,chickpea
Alluvial Soil,17.48395377,14.76014523,65.11365631,chickpea
Alluvial Soil,19.48316794,17.44534641,80.4986291,chickpea
Alluvial Soil,19.71359733,18.09665739,73.64476535,chickpea
Alluvial Soil,19.48649305,16.06240074,81.5284269,chickpea
Alluvial Soil,19.95264829,14.82633099,88.6810311,chickpea
Alluvial Soil,19.41789736,16.80472243,68.4951189,chickpea
Alluvial Soil,19.45591848,18.02235902,78.44910564,chickpea
Alluvial Soil,20.19137759,16.41998269,77.33795356,chickpea
Alluvial Soil,18.8392908,14.74071856,94.78189594,chickpea
Alluvial Soil,20.71219282,19.83643308,94.03659867,chickpea
Alluvial Soil,18.99424448,15.9362937,78.69707199,chickpea
Alluvial Soil,19.96837462,15.57324389,69.15759062,chickpea
Alluvial Soil,17.81564548,17.60756635,90.82097601,chickpea
Alluvial Soil,20.71424384,15.27824066,76.77888672,chickpea
Alluvial Soil,17.34150229,18.75626255,67.9545435,chickpea
Alluvial Soil,17.43732714,14.33847406,73.0926704,chickpea
Alluvial Soil,18.89780215,19.76182946,69.09512477,chickpea
Alluvial Soil,18.59190771,14.77959596,89.60982451,chickpea
Alluvial Soil,18.31561493,15.36143547,81.78710463,chickpea
Alluvial Soil,17.13692774,20.59541693,128.256862,kidneybeans
Alluvial Soil,19.63474332,18.90705639,106.3598183,kidneybeans
Alluvial Soil,22.91350245,21.33953114,109.225556,kidneybeans
Alluvial Soil,16.43340342,24.24045875,140.3717815,kidneybeans
Alluvial Soil,22.13974653,23.02251117,76.64128258,kidneybeans
Alluvial Soil,17.84806561,18.77621951,143.0984171,kidneybeans
Alluvial Soil,19.88394011,20.31564139,60.91974792,kidneybeans
Alluvial Soil,19.32509638,23.3334788,104.7783947,kidneybeans
Alluvial Soil,18.4167001,23.42829938,132.9801054,kidneybeans
Alluvial Soil,21.81167649,23.20591245,130.0608093,kidneybeans
Alluvial Soil,19.72702528,18.28173015,143.7630894,kidneybeans
Alluvial Soil,17.15432954,19.87070659,87.99669731,kidneybeans
Alluvial Soil,19.62207826,18.67170854,144.1567454,kidneybeans
Alluvial Soil,21.63149148,21.17919701,134.3649948,kidneybeans
Alluvial Soil,16.06522754,18.72479695,88.06638775,kidneybeans
Alluvial Soil,20.61162204,24.36314135,69.63833855,kidneybeans
Alluvial Soil,21.42451099,20.39659714,116.5206923,kidneybeans
Alluvial Soil,19.07096165,21.21092266,86.21917578,kidneybeans
Alluvial Soil,21.18853178,19.63438599,137.1948633,kidneybeans
Alluvial Soil,23.0429097,22.42610972,108.3684316,kidneybeans
Alluvial Soil,20.65375833,23.10538637,67.71768947,kidneybeans
Alluvial Soil,18.09551014,18.29318436,144.7902323,kidneybeans
Alluvial Soil,18.23775702,21.07643273,69.44951585,kidneybeans
Alluvial Soil,17.48189735,18.8251973,121.9401369,kidneybeans
Alluvial Soil,19.9191786,21.47324158,82.68554379,kidneybeans
Alluvial Soil,20.27514686,23.2353604,139.7521543,kidneybeans
Alluvial Soil,15.77370214,19.2303162,108.3441414,kidneybeans
Alluvial Soil,16.71170642,19.17651433,96.77285817,kidneybeans
Alluvial Soil,17.66148158,18.15302753,100.6711761,kidneybeans
Alluvial Soil,18.50692825,23.61670065,87.0513289,kidneybeans
Alluvial Soil,24.51324787,20.81527638,64.19497947,kidneybeans
Alluvial Soil,18.87614998,24.54038287,105.4120514,kidneybeans
Alluvial Soil,21.59343016,20.31871249,61.13872036,kidneybeans
Alluvial Soil,20.12373284,24.45202552,106.158201,kidneybeans
Alluvial Soil,15.43546065,18.37477907,139.0302034,kidneybeans
Alluvial Soil,22.64236876,21.59396123,122.3886015,kidneybeans
Alluvial Soil,21.98560799,24.87304788,129.5650601,kidneybeans
Alluvial Soil,20.53052663,18.09224048,120.4509288,kidneybeans
Alluvial Soil,15.78601387,21.14544088,95.17028129,kidneybeans
Alluvial Soil,19.6365349,19.68751084,96.65888933,kidneybeans
Alluvial Soil,20.57341244,19.7520218,87.87869161,kidneybeans
Alluvial Soil,20.16080524,24.84207559,138.2362122,kidneybeans
Alluvial Soil,21.53989176,24.25386207,120.6913038,kidneybeans
Alluvial Soil,15.53834801,23.75560241,107.3850593,kidneybeans
Alluvial Soil,19.91853092,20.70099804,108.6434544,kidneybeans
Alluvial Soil,20.76952209,18.93146941,109.0193712,kidneybeans
Alluvial Soil,23.46168338,23.22197648,95.84253438,kidneybeans
Alluvial Soil,24.32116642,21.0278674,60.27552528,kidneybeans
Alluvial Soil,20.12574053,24.96969858,100.0497183,kidneybeans
Alluvial Soil,21.80619564,18.57086554,125.0972687,kidneybeans
Alluvial Soil,19.52226241,24.92607153,113.334026,kidneybeans
Alluvial Soil,17.00067625,19.90790546,103.2926407,kidneybeans
Alluvial Soil,16.78791503,24.96881755,75.45328039,kidneybeans
Alluvial Soil,24.84906168,22.89464642,62.21292186,kidneybeans
Alluvial Soil,16.51783455,20.4555596,98.77794225,kidneybeans
Alluvial Soil,18.15300153,19.38602098,107.6907964,kidneybeans
Alluvial Soil,23.18864385,22.3104551,63.38208822,kidneybeans
Alluvial Soil,23.38002569,21.98879437,87.66898664,kidneybeans
Alluvial Soil,18.358923,19.37703396,138.414764,kidneybeans
Alluvial Soil,19.25975367,20.51346956,94.9533526,kidneybeans
Alluvial Soil,22.95458237,24.03553105,107.7315386,kidneybeans
Alluvial Soil,20.120043,22.89845607,104.6252153,kidneybeans
Alluvial Soil,21.14011423,22.7182355,141.6056722,kidneybeans
Alluvial Soil,24.92360104,18.22590825,62.7089169,kidneybeans
Alluvial Soil,15.33042636,24.91506728,135.3315583,kidneybeans
Alluvial Soil,18.81097271,21.27833035,125.084915,kidneybeans
Alluvial Soil,23.44260668,22.77255917,107.4137246,kidneybeans
Alluvial Soil,22.8352024,18.97267518,63.59276673,kidneybeans
Alluvial Soil,24.9035819,22.27512704,146.4727237,kidneybeans
Alluvial Soil,23.78709569,24.35679348,119.6404412,kidneybeans
Alluvial Soil,22.05592283,19.60379304,126.7265372,kidneybeans
Alluvial Soil,18.87492997,20.18238348,134.1811718,kidneybeans
Alluvial Soil,18.62328774,23.02410338,135.3378033,kidneybeans
Alluvial soil,23.00884744,18.86880997,100.118612,kidneybeans
Alluvial soil,19.33162606,24.13995025,68.51253427,kidneybeans
Alluvial soil,16.24469193,21.35793891,66.97053257,kidneybeans
Alluvial soil,17.91652287,24.90814655,69.14681022,kidneybeans
Alluvial soil,15.46789263,21.43780702,88.88796102,kidneybeans
Alluvial soil,17.06104474,23.77201471,81.83420522,kidneybeans
Alluvial soil,21.32776028,18.48522915,109.1013261,kidneybeans
Alluvial soil,23.90910104,20.74619325,81.60211243,kidneybeans
Alluvial soil,23.89756791,22.74378977,112.6616435,kidneybeans
Alluvial soil,22.98666928,20.57940608,143.8584938,kidneybeans
Alluvial soil,21.35135729,22.91244883,146.4548645,kidneybeans
Alluvial soil,24.1638445,19.27907819,116.7324324,kidneybeans
Alluvial soil,24.62835037,18.18325169,149.7441028,kidneybeans
Alluvial soil,21.02213209,24.93896255,124.6118471,kidneybeans
Alluvial soil,17.30844532,20.01730914,115.199245,kidneybeans
Alluvial soil,23.82576704,24.75485098,84.64143632,kidneybeans
Alluvial soil,19.30607278,23.96362799,129.3449326,kidneybeans
Alluvial soil,16.03768615,22.33195853,130.3900798,kidneybeans
Alluvial soil,19.18572809,20.83398341,80.15293435,kidneybeans
Alluvial soil,19.92889503,21.79992115,64.02640797,kidneybeans
Alluvial soil,19.56376468,24.67385131,139.2921004,kidneybeans
Alluvial soil,18.31357543,24.32991649,76.14153904,kidneybeans
Alluvial soil,20.10993761,23.22323766,73.36386477,kidneybeans
Alluvial soil,23.60506572,21.90539577,100.5978728,kidneybeans
Alluvial soil,19.73136909,24.89487354,84.06354115,kidneybeans
Alluvial soil,20.93409877,21.1893007,133.1914419,kidneybeans
Alluvial soil,18.78226261,20.24768314,104.2570723,kidneybeans
Alluvial soil,36.51268371,57.92887167,122.6539694,pigeonpeas
Alluvial soil,36.89163721,62.73178224,163.7266551,pigeonpeas
Alluvial soil,29.23540524,59.38967583,103.3301803,pigeonpeas
Alluvial soil,27.33534897,43.35795962,142.3303677,pigeonpeas
Alluvial soil,21.0643684,55.46985938,184.6226709,pigeonpeas
Alluvial soil,30.33276599,42.35249879,149.299952,pigeonpeas
Alluvial soil,31.80130272,45.03186173,147.0361442,pigeonpeas
Alluvial soil,33.18184225,38.23184742,198.8298806,pigeonpeas
Alluvial soil,29.38538562,63.47742011,90.05422663,pigeonpeas
Alluvial soil,30.27374995,67.38680755,127.7767134,pigeonpeas
Alluvial soil,35.45790488,68.75810535,108.6333046,pigeonpeas
Alluvial soil,33.80020039,40.03262418,176.6165894,pigeonpeas
Alluvial soil,28.69180475,49.47225353,96.36222901,pigeonpeas
Alluvial soil,31.24021696,56.67369054,122.0146733,pigeonpeas
Alluvial soil,28.98039357,57.23265151,120.7435664,pigeonpeas
Alluvial soil,27.32198928,34.13737127,96.51524028,pigeonpeas
Alluvial soil,21.47607807,38.80023714,180.382234,pigeonpeas
Alluvial soil,18.31910448,34.69776639,107.4721605,pigeonpeas
Alluvial soil,36.97794384,37.73992903,161.4812963,pigeonpeas
Alluvial soil,24.80467592,40.1242747,121.5639121,pigeonpeas
Alluvial soil,19.3479443,55.96805489,194.5921148,pigeonpeas
Alluvial soil,28.88302142,50.12323801,179.2155874,pigeonpeas
Alluvial soil,19.54314136,47.19188279,192.4372194,pigeonpeas
Alluvial soil,24.7741949,50.54621094,114.2821387,pigeonpeas
Alluvial soil,18.33124824,38.40975482,139.6483317,pigeonpeas
Alluvial soil,19.14729038,45.3733757,132.7748215,pigeonpeas
Alluvial soil,28.23416057,49.4421345,186.5008581,pigeonpeas
Alluvial soil,30.11812084,34.13307843,157.0858232,pigeonpeas
Alluvial soil,33.4126864,35.42910045,139.6702541,pigeonpeas
Alluvial soil,24.18553163,46.68746847,177.3377996,pigeonpeas
Alluvial soil,26.88630675,41.69617915,94.46748008,pigeonpeas
Alluvial soil,31.33170829,57.97429171,161.7820226,pigeonpeas
Alluvial soil,33.30711818,67.07780816,108.5090168,pigeonpeas
Alluvial soil,23.45379018,46.48714759,150.8712202,pigeonpeas
Alluvial soil,34.53823889,39.04468913,168.5948318,pigeonpeas
Alluvial soil,19.50112224,34.51086611,197.3752649,pigeonpeas
Alluvial soil,28.76794904,37.57792132,91.72084869,pigeonpeas
Alluvial soil,30.97758716,32.24914235,180.716828,pigeonpeas
Alluvial soil,18.39759147,36.82639309,93.12330644,pigeonpeas
Alluvial soil,35.09357419,30.98685456,116.9106908,pigeonpeas
Alluvial soil,34.93174223,30.40046769,159.2649827,pigeonpeas
Alluvial soil,29.50523036,35.72032498,187.8961851,pigeonpeas
Alluvial soil,34.51934775,47.52980027,129.0064612,pigeonpeas
Alluvial soil,28.43430726,52.10010827,147.0414824,pigeonpeas
Alluvial soil,18.41645629,34.80541039,163.2747473,pigeonpeas
Alluvial soil,31.07508973,47.19847683,91.31256412,pigeonpeas
Alluvial soil,20.89342749,46.24856523,195.5697875,pigeonpeas
Alluvial soil,30.90607799,52.79913039,170.9919828,pigeonpeas
Alluvial soil,27.9348279,66.45457122,145.3728801,pigeonpeas
Alluvial soil,35.95176642,36.52780776,136.0456753,pigeonpeas
Alluvial soil,19.54317155,56.92831399,173.1686574,pigeonpeas
Alluvial soil,19.63736208,32.31528909,176.4134092,pigeonpeas
Alluvial soil,31.2192752,56.46868874,129.2028653,pigeonpeas
Alluvial soil,33.50876355,45.70976142,126.6738117,pigeonpeas
Alluvial soil,24.80710166,45.01110015,188.4928637,pigeonpeas
Alluvial soil,36.20970524,31.94550613,191.0658531,pigeonpeas
Alluvial soil,30.50420876,35.48885969,162.5927723,pigeonpeas
Alluvial soil,26.01630259,49.94704718,160.3337447,pigeonpeas
Alluvial soil,31.48469278,35.6395615,100.546816,pigeonpeas
Alluvial soil,33.15122581,32.45974539,105.0380275,pigeonpeas
Alluvial soil,23.50222822,51.29019509,192.3023991,pigeonpeas
Alluvial soil,34.87248659,38.83786012,148.2502786,pigeonpeas
Alluvial soil,28.09269012,44.93322042,197.1144011,pigeonpeas
Alluvial soil,24.54757829,57.3414485,118.3606557,pigeonpeas
Alluvial soil,33.64769646,48.41490082,100.4673278,pigeonpeas
Alluvial soil,20.5591255,60.54880693,191.0895109,pigeonpeas
Alluvial soil,19.95991719,59.33157782,195.787103,pigeonpeas
Alluvial soil,28.87667593,62.4901206,182.2688175,pigeonpeas
Alluvial soil,36.04353699,43.61444121,159.8938645,pigeonpeas
Alluvial soil,23.6734328,47.2879691,141.1250722,pigeonpeas
Alluvial soil,25.74679443,40.7192594,100.7791633,pigeonpeas
Alluvial soil,31.08564994,66.68832981,175.9303271,pigeonpeas
Alluvial soil,18.72987676,61.33186249,139.8710041,pigeonpeas
Alluvial soil,29.50304807,63.46513414,189.5208915,pigeonpeas
Alluvial soil,20.43517772,39.37252634,137.2279662,pigeonpeas
Alluvial soil,36.00415838,56.01334416,134.8596466,pigeonpeas
Alluvial soil,31.46846241,35.39454002,174.5723999,pigeonpeas
Alluvial soil,36.30049702,56.03021253,101.6073988,pigeonpeas
Alluvial soil,29.49096726,67.10604388,153.2504506,pigeonpeas
Alluvial soil,30.5753044,34.75591197,177.5764304,pigeonpeas
Alluvial soil,24.69487673,59.96669215,91.95792434,pigeonpeas
Alluvial soil,23.17409556,36.67847052,162.5931264,pigeonpeas
Alluvial soil,19.04380471,33.10695144,155.3705624,pigeonpeas
Alluvial soil,29.32379604,45.93248374,165.4113371,pigeonpeas
Alluvial soil,34.6455408,54.32342534,180.9009998,pigeonpeas
Alluvial soil,21.9989826,56.31006755,136.8274312,pigeonpeas
Alluvial soil,22.99774444,60.24218572,159.689339,pigeonpeas
Alluvial soil,30.55992394,35.29006485,178.8998611,pigeonpeas
Alluvial soil,31.46417866,48.17631461,165.405354,pigeonpeas
Alluvial soil,25.95058595,40.58227261,109.1821183,pigeonpeas
Alluvial soil,21.01142393,69.69141302,185.2039114,pigeonpeas
Alluvial soil,19.25100056,47.70351758,149.063196,pigeonpeas
Alluvial soil,19.24462755,50.54495302,180.6465282,pigeonpeas
Alluvial soil,22.47253208,62.56532471,96.74706956,pigeonpeas
Alluvial soil,36.75087487,58.25799145,124.6028153,pigeonpeas
Alluvial soil,29.89286629,66.35375127,198.1403003,pigeonpeas
Alluvial soil,29.37735586,44.82294584,172.40168,pigeonpeas
Alluvial soil,29.65052947,42.89833235,186.9226052,pigeonpeas
Alluvial soil,19.54284889,66.34777265,173.1106982,pigeonpeas
Alluvial soil,20.04611791,48.93905624,122.4564203,pigeonpeas
Alluvial soil,27.91095209,64.70930606,32.67891866,mothbeans
Alluvial soil,27.32220619,51.27868781,36.5037914,mothbeans
Alluvial soil,28.66024187,59.3189118,36.92629678,mothbeans
Alluvial soil,29.02955344,61.09387478,72.98016599,mothbeans
Alluvial soil,27.78031515,54.65030015,32.05025323,mothbeans
Alluvial soil,31.99928579,54.1077461,71.6266696,mothbeans
Alluvial soil,27.33580911,55.27755933,73.44775287,mothbeans
Alluvial soil,28.92952635,53.57014709,66.35634104,mothbeans
Alluvial soil,27.65472156,58.59986279,36.94255012,mothbeans
Alluvial soil,28.52396666,55.77264351,61.32935611,mothbeans
Alluvial soil,31.02215872,45.89239456,53.56783314,mothbeans
Alluvial soil,25.74095321,45.38497051,67.43488235,mothbeans
Alluvial soil,31.70447482,56.85420099,44.94317432,mothbeans
Alluvial soil,24.47876451,58.51663927,34.96933295,mothbeans
Alluvial soil,31.46511256,51.79939437,74.44330654,mothbeans
Alluvial soil,25.60973447,50.7330069,53.39249517,mothbeans
Alluvial soil,30.30260453,47.18283631,68.04039813,mothbeans
Alluvial soil,28.17489437,43.6672299,45.78172762,mothbeans
Alluvial soil,25.50634557,44.8302551,74.32635105,mothbeans
Alluvial soil,31.12896766,43.58788762,32.76742894,mothbeans
Alluvial soil,26.34043268,55.59160391,35.1051197,mothbeans
Alluvial soil,28.23494706,61.5620517,72.66666443,mothbeans
Alluvial soil,27.04453473,49.32609633,48.25207759,mothbeans
Alluvial soil,25.16125354,55.25435777,40.89732789,mothbeans
Alluvial soil,27.3179125,51.66921088,32.55919573,mothbeans
Alluvial soil,25.4123765,49.66474269,31.87416982,mothbeans
Alluvial soil,31.21629982,46.01868196,53.1205277,mothbeans
Alluvial soil,30.573999,58.22686794,62.74803826,mothbeans
Alluvial soil,25.42517036,53.2208266,46.19374559,mothbeans
Alluvial soil,27.09400578,43.65305437,41.53749535,mothbeans
Alluvial soil,24.30935081,56.32938343,58.99536268,mothbeans
Alluvial soil,30.06142622,45.90067655,41.0550915,mothbeans
Alluvial soil,28.09568993,60.9835384,33.84110759,mothbeans
Alluvial soil,26.33908791,40.00933429,55.50429227,mothbeans
Alluvial soil,28.61409059,57.14218792,57.02891698,mothbeans
Alluvial soil,28.70012137,44.359648,44.11622138,mothbeans
Alluvial soil,24.21610338,59.79236306,42.24783476,mothbeans
Alluvial soil,28.50677929,45.20094476,66.1761456,mothbeans
Alluvial soil,25.97948991,64.95585424,72.19245835,mothbeans
Alluvial soil,30.88482722,41.36561835,55.053805,mothbeans
Alluvial soil,25.5042419,61.66852372,65.07981523,mothbeans
Alluvial soil,25.12528913,51.33189406,38.48678973,mothbeans
Alluvial soil,27.10508014,63.56791363,62.20279647,mothbeans
Alluvial soil,31.1006247,44.82069159,70.79934452,mothbeans
Alluvial soil,26.45707778,56.40226277,64.16167699,mothbeans
Alluvial soil,30.04132304,63.56222995,31.83192392,mothbeans
Alluvial soil,27.77799528,54.82130787,50.28438729,mothbeans
Alluvial soil,30.99256944,43.02151392,58.27600682,mothbeans
Alluvial soil,26.4908332,47.36534833,36.99362831,mothbeans
Alluvial soil,31.96987867,57.17377029,64.25520357,mothbeans
Alluvial soil,25.36140526,46.82652785,55.60523179,mothbeans
Alluvial soil,25.54249137,56.96640758,48.46797044,mothbeans
Alluvial soil,28.99319096,62.85948245,70.4713043,mothbeans
Alluvial soil,29.34317422,60.50320928,34.03335472,mothbeans
Alluvial soil,28.63618921,61.39451307,68.54877876,mothbeans
Alluvial soil,24.83206631,44.17085032,52.0810886,mothbeans
Alluvial soil,25.44689075,58.55363573,57.04826619,mothbeans
Alluvial soil,31.01274943,62.40392519,63.77192383,mothbeans
Alluvial soil,27.06179658,52.3003173,60.74583498,mothbeans
Alluvial soil,27.0956288,42.26206161,71.1271039,mothbeans
Alluvial soil,28.56800579,57.30636014,64.53027638,mothbeans
Alluvial soil,28.79929247,49.84213387,40.85534718,mothbeans
Alluvial soil,27.94293692,45.41393636,69.66289997,mothbeans
Alluvial soil,30.47757686,61.58245338,61.86633917,mothbeans
Alluvial soil,30.58139475,50.77148138,64.58559639,mothbeans
Alluvial soil,26.85911286,41.81420849,44.13827124,mothbeans
Alluvial soil,26.31051759,61.18749126,35.73403813,mothbeans
Alluvial soil,28.77833449,44.2252605,33.95825723,mothbeans
Alluvial soil,28.90245417,43.35365671,71.90018566,mothbeans
Alluvial soil,29.37687468,57.69622912,38.34303462,mothbeans
Alluvial soil,24.17093241,58.25204566,59.18953429,mothbeans
Alluvial soil,26.65333029,59.79023382,36.91852635,mothbeans
Alluvial soil,28.19912143,53.50567601,52.13580529,mothbeans
Alluvial soil,28.76488954,52.62741529,55.21606732,mothbeans
Alluvial soil,29.3499706,61.25353851,40.82840673,mothbeans
Alluvial soil,28.00937423,52.60950014,36.01203025,mothbeans
Alluvial soil,26.85851927,48.8246387,34.7426459,mothbeans
Alluvial soil,31.2123945,40.92604945,53.78769958,mothbeans
Alluvial soil,24.20422636,61.43378674,46.0203959,mothbeans
Alluvial soil,29.98835437,49.60384796,52.92929636,mothbeans
Alluvial soil,29.93964907,54.61813464,45.43669946,mothbeans
Alluvial soil,31.2119298,41.55934359,68.80141783,mothbeans
Alluvial soil,26.80474415,48.23991436,43.87801983,mothbeans
Alluvial soil,31.49398069,62.84916863,64.56807592,mothbeans
Alluvial soil,30.99694676,46.42693735,38.31597852,mothbeans
Alluvial soil,29.61253065,63.04749127,50.1978269,mothbeans
Alluvial soil,29.97604322,57.03184356,44.86052932,mothbeans
Alluvial soil,30.88883074,52.62696801,55.51932414,mothbeans
Alluvial soil,30.39321309,60.16299493,35.37493212,mothbeans
Alluvial soil,30.43683729,55.20522037,30.92014047,mothbeans
Alluvial soil,25.32688786,63.18180319,32.71129281,mothbeans
Alluvial soil,30.53684308,59.96664731,33.48919022,mothbeans
Alluvial soil,30.38257873,40.5926071,47.95406479,mothbeans
Alluvial soil,24.01825377,53.76623369,35.03404425,mothbeans
Alluvial soil,28.69841277,61.14754363,65.67591794,mothbeans
Alluvial soil,29.33743412,49.00323081,42.44054315,mothbeans
Alluvial soil,27.96583691,61.34900107,70.10472076,mothbeans
Alluvial soil,24.86803974,48.27531965,63.9187654,mothbeans
Alluvial soil,25.87682261,45.96341933,38.53254678,mothbeans
Alluvial soil,31.01963639,49.9767522,32.81296548,mothbeans
Alluvial soil,27.43329405,87.80507732,54.73367631,mungbean
Alluvial soil,28.3340432,80.77275974,38.7976407,mungbean
Alluvial soil,27.01470397,84.34262707,55.296354,mungbean
Alluvial soil,28.17432665,81.04554836,36.35720652,mungbean
Alluvial soil,29.87888063,87.32761241,44.75215854,mungbean
Alluvial soil,29.89232778,89.71503316,42.99498978,mungbean
Alluvial soil,28.56212158,83.24855855,56.48265193,mungbean
Alluvial soil,27.53592929,85.5701901,53.01899249,mungbean
Alluvial soil,29.68361658,87.93598094,41.82490236,mungbean
Alluvial soil,28.14448546,82.1193047,46.75690086,mungbean
Alluvial soil,29.53037621,86.73346018,59.87232071,mungbean
Alluvial soil,27.88352946,86.45147631,44.64407105,mungbean
Alluvial soil,28.22471276,82.35916228,44.01206619,mungbean
Alluvial soil,29.008124,84.96089355,45.91011391,mungbean
Alluvial soil,29.75538903,86.45193297,37.54602719,mungbean
Alluvial soil,29.78416743,85.16906976,40.77872823,mungbean
Alluvial soil,27.8640132,80.4513142,42.83053902,mungbean
Alluvial soil,27.11026483,84.96771717,51.52617423,mungbean
Alluvial soil,27.11030369,83.64274107,49.11964582,mungbean
Alluvial soil,28.95451232,89.07866095,57.65901369,mungbean
Alluvial soil,29.21780035,87.93724219,43.1386631,mungbean
Alluvial soil,28.7420098,85.81675947,48.54598575,mungbean
Alluvial soil,29.65021184,80.29868321,56.76278363,mungbean
Alluvial soil,27.23924995,86.404241,37.31236904,mungbean
Alluvial soil,28.95172351,81.67085323,56.51103293,mungbean
Alluvial soil,28.18837136,82.60629652,37.01110438,mungbean
Alluvial soil,28.30041493,86.20681554,50.47333854,mungbean
Alluvial soil,27.89636126,88.71782287,57.79863368,mungbean
Alluvial soil,28.6899851,87.50436797,44.56598352,mungbean
Alluvial soil,27.8262623,88.73100226,56.68833819,mungbean
Alluvial soil,28.70562673,81.59200689,59.87065439,mungbean
Alluvial soil,28.6362812,84.61431076,48.48319335,mungbean
Alluvial soil,28.28511547,88.4393979,48.56690235,mungbean
Alluvial soil,27.60887393,86.13316408,43.80041104,mungbean
Alluvial soil,28.60901145,86.99495766,36.94616965,mungbean
Alluvial soil,29.24598976,84.80084105,53.43228915,mungbean
Alluvial soil,28.62911222,89.1148059,50.49913241,mungbean
Alluvial soil,29.57329479,88.07505524,45.04467075,mungbean
Alluvial soil,27.82684262,87.16679147,58.37249772,mungbean
Alluvial soil,29.8757015,83.14796296,40.12044158,mungbean
Alluvial soil,27.33684386,88.50229102,51.09802625,mungbean
Alluvial soil,29.83040388,89.30428305,58.86687093,mungbean
Alluvial soil,28.2753171,82.76020821,56.04995423,mungbean
Alluvial soil,29.86860065,85.99127934,58.41394143,mungbean
Alluvial soil,29.5888162,89.9939693,54.96121262,mungbean
Alluvial soil,28.07219563,82.9116472,49.61865305,mungbean
Alluvial soil,27.84026517,89.99615558,52.84626009,mungbean
Alluvial soil,27.10818093,87.4512669,55.03723979,mungbean
Alluvial soil,27.68515114,81.94268594,54.62243308,mungbean
Alluvial soil,29.34594634,85.60472562,59.03629954,mungbean
Alluvial soil,28.36319404,84.8593608,52.93031105,mungbean
Alluvial soil,27.65280218,89.80650642,56.52558045,mungbean
Alluvial soil,27.31372793,85.44815232,53.15223123,mungbean
Alluvial soil,27.06909959,86.89934108,50.46746116,mungbean
Alluvial soil,28.06642822,85.91625451,39.23831035,mungbean
Alluvial soil,27.73329078,81.13903037,44.17580911,mungbean
Alluvial soil,27.53632932,89.92908171,45.48591922,mungbean
Alluvial soil,29.66461594,84.28187572,56.09542002,mungbean
Alluvial soil,29.9145443,85.85384444,41.39081525,mungbean
Alluvial soil,28.36363858,87.59810657,57.99524359,mungbean
Alluvial soil,29.46416042,87.60890009,43.15411472,mungbean
Alluvial soil,29.73013036,82.89166381,50.91511275,mungbean
Alluvial soil,27.46852989,87.17649,43.78420984,mungbean
Alluvial soil,27.77076285,87.09979549,49.50812624,mungbean
Alluvial soil,29.12939524,88.48312598,36.45012824,mungbean
Alluvial soil,27.10606808,89.89593328,37.45680611,mungbean
Alluvial soil,28.88078945,86.94206817,53.79732545,mungbean
Alluvial soil,28.14720892,83.8001509,37.44800463,mungbean
Alluvial soil,29.89129144,80.14487166,54.7960127,mungbean
Alluvial soil,27.41503453,80.98004661,40.53173216,mungbean
Alluvial soil,29.27308605,89.4875022,50.9246554,mungbean
Alluvial soil,29.65296893,88.48587386,56.01913159,mungbean
Alluvial soil,28.44524991,82.67639542,58.18713162,mungbean
Alluvial soil,27.96235681,83.97586797,48.9366954,mungbean
Alluvial soil,29.25649321,81.97952224,42.02483277,mungbean
Alluvial soil,28.36291385,88.00989267,43.05130077,mungbean
Alluvial soil,27.62749466,86.49366929,39.26137642,mungbean
Alluvial soil,28.66086349,86.12194568,50.01534317,mungbean
Alluvial soil,29.2114218,87.11497805,51.53848218,mungbean
Alluvial soil,29.40889385,86.16063492,53.35486977,mungbean
Alluvial soil,28.02952623,84.8845732,36.12042927,mungbean
Alluvial soil,28.08657178,80.35005927,38.14476781,mungbean
Alluvial soil,29.16174608,80.28038146,40.16545979,mungbean
Alluvial soil,29.8596912,80.03499648,50.66487502,mungbean
Alluvial soil,29.06631494,83.6869203,43.95183726,mungbean
Black Soil,27.38538997,88.66663953,58.29933073,mungbean
Black Soil,27.93034941,85.42058715,43.25095608,mungbean
Black Soil,29.2808618,81.8009244,44.47427436,mungbean
Black Soil,28.9973145,83.78911515,59.84499208,mungbean
Black Soil,27.92678579,86.5543196,43.4826194,mungbean
Black Soil,28.5474135,88.9570454,49.4897245,mungbean
Black Soil,29.36488409,89.1886954,48.30159325,mungbean
Black Soil,28.56149805,83.63802195,41.013132,mungbean
Black Soil,28.43683487,87.91332682,43.12063289,mungbean
Black Soil,28.79728147,80.45744422,44.30070517,mungbean
Black Soil,28.7275267,89.12760359,58.52974279,mungbean
Black Soil,27.95639663,83.52706038,43.25726752,mungbean
Black Soil,28.17458662,83.69659318,37.2464655,mungbean
Black Soil,28.77653519,86.69133979,56.12443206,mungbean
Black Soil,28.438097,83.48991368,52.55469976,mungbean
Black Soil,29.48439992,63.19915325,71.89090748,blackgram
Black Soil,26.73433965,68.13999721,67.15096376,blackgram
Black Soil,26.27274407,62.28814857,70.23207557,blackgram
Black Soil,34.03679184,67.21113844,73.23573601,blackgram
Black Soil,28.03644051,65.06601664,72.49507741,blackgram
Black Soil,28.81460716,65.33538112,62.26242533,blackgram
Black Soil,34.03619494,64.28791388,66.85510868,blackgram
Black Soil,33.8642935,61.57072498,68.02199825,blackgram
Black Soil,32.84213012,68.68401492,73.67166182,blackgram
Black Soil,27.10053268,63.36085585,73.84949872,blackgram
Black Soil,25.65842532,61.18235808,69.28607828,blackgram
Black Soil,32.34744009,66.61452812,64.55882254,blackgram
Black Soil,29.58949031,68.32176769,67.53021213,blackgram
Black Soil,30.91219459,68.79427388,66.63830637,blackgram
Black Soil,28.12787838,64.2097765,70.86340755,blackgram
Black Soil,30.08545364,69.34811988,67.1367443,blackgram
Black Soil,31.74379487,62.51007687,68.97097538,blackgram
Black Soil,27.81326852,62.50460464,69.75555541,blackgram
Black Soil,32.88733849,64.59457409,71.50569456,blackgram
Black Soil,29.36358721,64.98742947,61.91208707,blackgram
Black Soil,27.82592799,67.5861883,74.01229707,blackgram
Black Soil,28.49538735,60.44848407,74.91559514,blackgram
Black Soil,27.74274761,68.53997144,71.78615328,blackgram
Black Soil,30.41588462,67.66323804,63.02473185,blackgram
Black Soil,27.3254209,69.09047809,61.19250859,blackgram
Black Soil,30.28496619,61.69295127,65.62859526,blackgram
Black Soil,28.56840626,61.53278622,63.49726331,blackgram
Black Soil,25.36586097,66.6379724,65.81655892,blackgram
Black Soil,34.9466155,65.26774011,70.1415139,blackgram
Black Soil,25.09737391,67.72837887,74.61649888,blackgram
Black Soil,32.47648301,64.34848735,65.820457,blackgram
Black Soil,33.86351172,68.59232289,69.24464096,blackgram
Black Soil,25.19857725,60.37332688,70.88787207,blackgram
Black Soil,31.77681682,69.01852894,61.46892873,blackgram
Black Soil,34.89814946,63.59948557,64.72797143,blackgram
Black Soil,31.74105409,68.63525428,62.3061735,blackgram
Black Soil,27.16159076,66.76017239,69.85112265,blackgram
Black Soil,26.23773129,67.88521396,73.58663968,blackgram
Alluvial Soil,30.20157245,60.06534859,66.37171179,blackgram
Alluvial Soil,31.55846339,67.83563765,74.86960831,blackgram
Alluvial Soil,29.67892453,69.0854554,65.66436565,blackgram
Alluvial Soil,27.05365239,67.7017527,60.4693835,blackgram
Alluvial Soil,34.63880966,61.38597868,72.43169115,blackgram
Alluvial Soil,33.39438752,62.93692886,63.57445989,blackgram
Alluvial Soil,28.84079155,63.37230676,70.25496749,blackgram
Alluvial Soil,31.49338309,63.0563645,71.48327008,blackgram
Alluvial Soil,25.54960633,63.95425534,63.1830529,blackgram
Alluvial Soil,34.37329112,69.69366426,70.27184748,blackgram
Alluvial Soil,34.6008247,63.11296779,60.41790253,blackgram
Alluvial Soil,29.43463808,64.94329356,72.17818157,blackgram
Alluvial Soil,29.10713092,67.90577375,67.83345933,blackgram
Alluvial Soil,28.57006111,65.71765781,70.0866434,blackgram
Alluvial Soil,27.54384835,69.3478631,69.40878198,blackgram
Alluvial Soil,33.04687968,68.93875631,62.30278274,blackgram
Alluvial Soil,33.95309131,69.96100028,61.16350463,blackgram
Alluvial Soil,30.11873003,60.11680815,71.72980375,blackgram
Alluvial Soil,29.57812712,66.17587668,69.43895491,blackgram
Alluvial Soil,27.26458947,68.01232937,68.91754359,blackgram
Alluvial Soil,31.35730791,64.24992106,63.85668948,blackgram
Alluvial Soil,31.52104732,66.55723677,61.71111448,blackgram
Alluvial Soil,29.39982732,64.25510719,67.47677295,blackgram
Alluvial Soil,29.38400259,64.14928485,65.24194361,blackgram
Alluvial Soil,28.38686534,61.88871127,74.24459122,blackgram
Alluvial Soil,28.47442276,63.53604453,69.5274407,blackgram
Alluvial Soil,30.64095781,61.14508627,71.36947525,blackgram
Alluvial Soil,25.25596239,61.36669662,68.64685069,blackgram
Alluvial Soil,32.97030511,60.18122078,73.44678678,blackgram
Alluvial Soil,33.66855394,66.60416867,67.32520551,blackgram
Alluvial Soil,32.83963757,67.99803573,73.40452716,blackgram
Alluvial Soil,27.45853567,62.90020977,69.46020927,blackgram
Alluvial Soil,25.68576704,69.84354028,74.62068748,blackgram
Alluvial Soil,30.0328403,64.14800537,71.21006868,blackgram
Alluvial Soil,28.20667264,68.27085245,64.32887142,blackgram
Alluvial Soil,28.27265858,61.18956161,63.29900785,blackgram
Alluvial Soil,28.5417236,64.2020154,69.68862306,blackgram
Alluvial Soil,26.87187036,61.61367264,63.51822045,blackgram
Alluvial Soil,32.79766751,68.77994074,64.11411069,blackgram
Alluvial Soil,26.42333018,64.51136845,63.46546487,blackgram
Alluvial Soil,29.79181107,63.38789228,63.02169909,blackgram
Alluvial Soil,27.44003279,67.10464369,72.50669768,blackgram
Alluvial Soil,34.1262979,65.14877461,70.40795007,blackgram
Alluvial Soil,30.94908189,64.23364112,62.78730907,blackgram
Alluvial Soil,28.75751783,61.02701476,73.37686831,blackgram
Alluvial Soil,27.24766491,66.10123083,62.31842057,blackgram
Alluvial Soil,28.63005477,66.770943,62.2737345,blackgram
Alluvial Soil,26.41768321,63.64698302,64.42177127,blackgram
Alluvial Soil,32.81705216,66.15665137,68.83924882,blackgram
Alluvial Soil,29.6321052,65.91359954,71.16331975,blackgram
Alluvial Soil,33.49077065,62.73317204,65.45328463,blackgram
Alluvial Soil,31.86847286,66.74217464,74.22238583,blackgram
Alluvial Soil,30.32992227,65.62971858,71.64631281,blackgram
Alluvial Soil,28.546224,66.31394098,62.83469851,blackgram
Alluvial Soil,30.02629908,67.88811637,66.47264636,blackgram
Alluvial Soil,31.65531175,60.13263713,66.69096751,blackgram
Alluvial Soil,30.33499674,63.54718862,74.16699119,blackgram
Alluvial Soil,33.36984395,65.67718163,64.89517488,blackgram
Alluvial Soil,31.4345059,62.99303471,64.77651469,blackgram
Alluvial Soil,27.71678273,63.29103387,68.56507978,blackgram
Alluvial Soil,32.63918668,61.3009051,61.83876146,blackgram
Alluvial Soil,32.7477393,67.77954584,63.37784443,blackgram
Alluvial Soil,24.55981624,91.63536236,111.9684622,pomegranate
Alluvial Soil,19.65690085,89.93701023,108.0458926,pomegranate
Alluvial Soil,18.78359608,87.4024767,102.5184759,pomegranate
Alluvial Soil,24.1469628,94.5110662,110.2316633,pomegranate
Alluvial Soil,22.44581266,89.90147027,109.3905998,pomegranate
Alluvial Soil,24.96273236,92.40501423,109.4169192,pomegranate
Alluvial Soil,22.5526059,89.3259486,104.8955643,pomegranate
Alluvial Soil,22.77035608,91.45498527,106.9659201,pomegranate
Alluvial Soil,19.20090378,94.27659596,108.0423555,pomegranate
Alluvial Soil,23.12808226,92.68328358,109.3930157,pomegranate
Alluvial Soil,24.92639065,85.19098079,104.7693804,pomegranate
Alluvial Soil,24.77464458,85.63608688,105.7595811,pomegranate
Alluvial Soil,19.8671184,86.35590206,108.3168858,pomegranate
Alluvial Soil,24.26601316,93.7974061,104.5375109,pomegranate
Alluvial Soil,23.62600218,89.73266695,107.6836871,pomegranate
Alluvial Soil,19.67832052,89.08935702,108.5468633,pomegranate
Alluvial Soil,22.36509395,92.30882391,104.8216333,pomegranate
Alluvial Soil,21.57936934,94.88267728,102.8593382,pomegranate
Alluvial Soil,18.26233221,88.16779129,108.0756727,pomegranate
Alluvial Soil,23.71028128,89.61794165,105.6499907,pomegranate
Alluvial Soil,22.48720144,89.9224883,111.6631582,pomegranate
Alluvial Soil,21.6602498,94.79397419,112.4349689,pomegranate
Alluvial Soil,20.13037175,89.31505137,107.3416913,pomegranate
Alluvial Soil,18.41164435,91.11927248,105.1834976,pomegranate
Alluvial Soil,19.68291173,89.75272999,111.2818551,pomegranate
Alluvial Soil,23.20242586,91.19442671,109.0946323,pomegranate
Alluvial Soil,18.92157197,87.31290342,102.8013275,pomegranate
Alluvial Soil,22.10621387,91.34039616,106.8704803,pomegranate
Alluvial Soil,18.47412402,89.68919664,108.4758509,pomegranate
Alluvial Soil,19.81069447,88.92944254,102.860084,pomegranate
Alluvial Soil,24.4880844,90.83687246,103.1969341,pomegranate
Alluvial Soil,18.75927679,89.93457597,111.0196744,pomegranate
Alluvial Soil,19.54128063,90.29751796,104.3739878,pomegranate
Alluvial Soil,18.91251245,87.74938524,111.2800516,pomegranate
Alluvial Soil,19.91330523,94.95031368,104.0277061,pomegranate
Alluvial Soil,19.72620525,89.64934166,108.2287276,pomegranate
Alluvial Soil,23.83185873,87.84034604,111.2232716,pomegranate
Black Soil,24.94467632,94.25702672,103.8799347,pomegranate
Black Soil,24.692258,93.87030088,104.6735454,pomegranate
Black Soil,24.72485577,85.56083187,111.2787584,pomegranate
Black Soil,20.12644921,87.59629625,108.065579,pomegranate
Black Soil,21.02432943,93.0569505,104.7847006,pomegranate
Black Soil,22.40423537,88.1508343,109.8695196,pomegranate
Black Soil,20.33691147,89.38003827,110.9653137,pomegranate
Black Soil,24.24779615,85.56033312,106.9216033,pomegranate
Black Soil,24.81530144,91.90842992,109.2853418,pomegranate
Black Soil,19.66329768,87.95158129,106.0380805,pomegranate
Black Soil,22.43377991,90.3396556,112.459697,pomegranate
Black Soil,22.92052307,85.12912161,110.2437841,pomegranate
Black Soil,22.91843172,85.40695044,106.2817706,pomegranate
Black Soil,24.88244467,89.39686219,107.1951707,pomegranate
Black Soil,23.40981539,93.13277,105.2240743,pomegranate
Black Soil,21.20725375,94.26304717,107.5660804,pomegranate
Black Soil,18.20230419,91.12282162,109.6623974,pomegranate
Black Soil,22.34375696,89.7870345,103.3183074,pomegranate
Black Soil,24.32770134,90.88292835,110.4606459,pomegranate
Black Soil,19.75088482,88.71691157,102.5538035,pomegranate
Black Soil,19.86173586,86.19740917,111.0217929,pomegranate
Black Soil,18.07132963,93.14554876,106.3602023,pomegranate
Black Soil,23.89162561,89.61850203,104.617522,pomegranate
Black Soil,23.98598756,93.34236582,104.991282,pomegranate
Black Soil,20.93892916,85.42912869,103.0295938,pomegranate
Black Soil,20.82210727,87.22815682,109.4429934,pomegranate
Black Soil,20.86474944,91.61793636,106.8685636,pomegranate
Black Soil,24.45840036,86.10874614,111.3779693,pomegranate
Black Soil,24.51147697,90.64498715,105.6209954,pomegranate
Black Soil,24.56811204,92.03009222,110.9633894,pomegranate
Black Soil,24.63228709,89.01574455,110.6956184,pomegranate
Black Soil,20.07386547,90.97819712,103.7084055,pomegranate
Black Soil,21.80523051,94.63612858,102.6488846,pomegranate
Black Soil,22.8122645,86.34233767,110.4432293,pomegranate
Black Soil,22.73031253,88.48567856,104.6843243,pomegranate
Black Soil,23.2801227,94.94330457,111.1382096,pomegranate
Black Soil,19.30106297,87.1775172,105.4766591,pomegranate
Black Soil,19.0087067,88.83768149,108.6793978,pomegranate
Black Soil,24.35193812,90.88612388,105.529185,pomegranate
Black Soil,24.72235539,88.87651295,112.1926517,pomegranate
Black Soil,21.92513945,94.46485312,111.7162016,pomegranate
Black Soil,24.83954414,86.88738076,107.6435771,pomegranate
Black Soil,18.09691127,90.42177379,104.88189,pomegranate
Black Soil,20.24104904,91.08706822,109.2537734,pomegranate
Black Soil,23.22594,94.42971362,105.6917856,pomegranate
Black Soil,23.50128217,92.97527546,106.61905,pomegranate
Black Soil,19.44623085,89.02127045,106.1606833,pomegranate
Black Soil,20.51343484,92.51675903,110.5764023,pomegranate
Black Soil,18.90223032,94.99897537,107.6103211,pomegranate
Black Soil,18.90592319,89.24126808,112.4750941,pomegranate
Black Soil,22.63045168,88.45577158,109.0357597,pomegranate
Black Soil,19.38603815,86.79058496,109.9130984,pomegranate
Black Soil,24.38318965,91.19431555,103.6012114,pomegranate
Black Soil,23.77989026,92.93386903,106.977723,pomegranate
Black Soil,22.59890174,93.16343942,110.0932899,pomegranate
Black Soil,24.37766782,85.4017118,106.128338,pomegranate
Black Soil,20.89273273,91.07776977,104.4407083,pomegranate
Black Soil,18.09903225,85.70786282,107.0050976,pomegranate
Black Soil,20.00218987,85.83618191,112.337046,pomegranate
Black Soil,19.85139326,89.80732335,102.8186358,pomegranate
Black Soil,21.25433607,92.65058936,106.2784673,pomegranate
Black Soil,23.65374106,93.32657504,109.8076178,pomegranate
Black Soil,23.88404783,86.20613842,108.3121789,pomegranate
Alluvial soil,29.36792366,76.24900101,92.82840911,banana
Alluvial soil,27.33368994,83.67675197,101.0494791,banana
Alluvial soil,27.40053601,82.96221306,104.9378,banana
Alluvial soil,29.3159075,80.11585705,90.10978128,banana
Alluvial soil,26.05433004,79.39654531,113.2297373,banana
Alluvial soil,25.86632408,84.42379269,114.5357503,banana
Alluvial soil,27.00932084,80.18546798,97.32531705,banana
Alluvial soil,29.55054817,78.06762846,99.34482238,banana
Alluvial soil,26.28845991,83.390039,113.8729798,banana
Alluvial soil,29.16226551,76.16151562,100.0075679,banana
Alluvial soil,28.65003945,82.68752542,98.75084366,banana
Alluvial soil,29.07311132,76.50045221,100.1692639,banana
Alluvial soil,28.08166093,75.26429821,118.2761894,banana
Alluvial soil,27.1994597,78.8086068,99.72430835,banana
Alluvial soil,28.05484146,78.04602887,108.3957179,banana
Clay Soil,25.14748006,83.34688193,98.66679427,banana
Clay Soil,25.94019018,78.3422098,119.84797,banana
Clay Soil,27.66752761,79.68542782,108.66464,banana
Clay Soil,25.56703012,75.94067692,102.7867717,banana
Clay Soil,28.6956201,82.54195839,116.1616839,banana
Clay Soil,26.33544853,76.8532006,118.6858263,banana
Clay Soil,25.93730186,78.89864446,98.21747528,banana
Clay Soil,25.13686519,84.88394407,91.46442491,banana
Clay Soil,27.50527651,80.79783998,105.0776992,banana
Clay Soil,26.21009246,82.34429458,112.0700033,banana
Clay Soil,29.10403455,79.19588629,92.07835761,banana
Clay Soil,29.2440638,77.32017166,90.66727868,banana
Clay Soil,25.56202173,77.38229006,93.10247183,banana
Clay Soil,26.3985515,81.36028902,98.16752001,banana
Clay Soil,28.09577643,77.79586769,109.5408614,banana
Clay Soil,27.84767901,83.31110751,117.2878912,banana
Clay Soil,27.39341554,81.4654833,94.31102057,banana
Clay Soil,25.14517635,81.38204104,119.218154,banana
Clay Soil,28.65456263,79.28693687,102.4633775,banana
Clay Soil,29.16093424,76.67484233,109.575944,banana
Clay Soil,27.57278064,82.0638878,91.34276507,banana
Clay Soil,25.40909896,82.36208097,112.9794804,banana
Clay Soil,25.99069521,83.33983116,112.0777152,banana
Clay Soil,26.29039046,81.06003778,118.6730366,banana
Red Soil,29.14827211,78.71024836,117.536781,banana
Red Soil,26.59743595,79.35898915,107.3944717,banana
Red Soil,25.36059237,75.03193255,116.5531455,banana
Red Soil,29.12036889,80.18080728,112.3982055,banana
Red Soil,27.53911354,77.25629897,110.3262123,banana
Red Soil,29.66727337,83.51014178,110.2511102,banana
Red Soil,25.05802193,84.97323747,110.4408803,banana
Red Soil,25.86824781,78.52399914,116.3019555,banana
Red Soil,25.85036988,81.95580471,119.0856171,banana
Red Soil,26.51682337,77.79913575,108.8547508,banana
Red Soil,28.66725136,79.59242542,118.2583441,banana
Red Soil,28.14938935,81.54448882,91.40508414,banana
Red Soil,26.42313317,83.6995044,95.12322062,banana
Red Soil,26.59386409,81.40740301,109.9825551,banana
Red Soil,27.71822477,76.57853189,102.2099836,banana
Red Soil,28.98333432,82.95958244,109.022564,banana
Red Soil,29.42017919,83.96754496,117.229079,banana
Red Soil,27.39872329,81.10523402,112.1355384,banana
Red Soil,26.4020227,84.41007614,111.0162259,banana
Red Soil,27.81251452,82.69285419,99.20961514,banana
Red Soil,25.19640218,83.55829874,115.8586081,banana
Red Soil,28.31193338,75.77363772,119.695765,banana
Red Soil,25.90113128,80.47152737,110.10323,banana
Red Soil,27.48612983,76.11239849,109.2768851,banana
Red Soil,29.38254012,83.50423735,109.2486647,banana
Red Soil,29.22118628,81.08183635,108.8616474,banana
Red Soil,27.09062164,81.33506906,110.1331182,banana
Red Soil,26.12643374,81.81365007,104.4812858,banana
Red Soil,29.01207743,77.95192527,90.43495443,banana
Red Soil,27.96799119,79.28625709,119.4765557,banana
Red Soil,28.0764455,76.05522115,118.9923573,banana
Red Soil,25.16278237,84.97849241,90.94554618,banana
Red Soil,25.78749808,84.51194224,114.2005455,banana
Red Soil,25.34119774,84.47321314,91.06493353,banana
Red Soil,29.44795403,78.34971537,96.45042585,banana
Red Soil,26.47522633,78.51833782,113.1161095,banana
Red Soil,27.39489579,83.31172003,92.78133617,banana
Red Soil,25.08347445,80.261731,94.32961456,banana
Red Soil,26.6719835,76.48541655,91.73358569,banana
Red Soil,25.44926208,79.49221962,100.6619171,banana
Red Soil,28.22776705,80.6430384,98.00403016,banana
Red Soil,28.1279509,77.48247073,103.5045395,banana
Red Soil,28.9470467,82.1888998,95.83016448,banana
Red Soil,27.96236771,84.15403614,97.55986676,banana
Red Soil,28.00316034,78.90085998,94.68180316,banana
Red Soil,29.1400919,80.1190228,90.45142867,banana
Red Soil,27.9122104,83.36307683,90.24211529,banana
Red Soil,25.43480512,81.53977797,96.47800391,banana
Red Soil,28.55980972,84.51602322,111.0843029,banana
Red Soil,26.59580783,82.99556744,100.5123341,banana
Red Soil,27.19711623,77.3970629,99.46950465,banana
Red Soil,25.29391516,79.29122198,105.4220251,banana
Red Soil,29.90888522,76.98740841,91.99964712,banana
Red Soil,27.94972463,76.63713353,109.0921631,banana
Red Soil,25.01018457,78.76260938,108.3690513,banana
Red Soil,29.21144871,84.70189923,108.5501443,banana
Red Soil,27.35911627,84.54625006,90.81250457,banana
Red Soil,28.0106804,76.52808057,103.7040783,banana
Red Soil,28.67208915,82.20793613,94.37987496,banana
Red Soil,27.34585147,78.4873835,92.15524332,banana
Red Soil,29.50704598,78.20585613,98.12565829,banana
Red Soil,29.73770045,47.54885174,90.09586854,mango
Red Soil,33.55695561,53.72979826,98.67527561,mango
Red Soil,27.00315545,47.67525434,95.85118326,mango
Red Soil,33.56150184,45.53556603,95.70525913,mango
Red Soil,35.89855625,54.25964196,92.19721736,mango
Red Soil,34.17719782,50.62161586,98.00687989,mango
Red Soil,30.01592643,53.19212381,97.72843182,mango
Red Soil,31.74592134,45.16127859,93.75441586,mango
Red Soil,35.99009679,52.22780489,95.3713484,mango
Red Soil,31.86641378,52.19331595,98.46768642,mango
Red Soil,27.75518664,52.34605806,94.11213345,mango
Red Soil,34.72413192,51.4271781,97.31258083,mango
Red Soil,27.53907547,53.63549533,99.35408185,mango
Red Soil,27.69637763,48.5622488,89.85646496,mango
Red Soil,27.25373364,52.66319725,91.87312479,mango
Red Soil,30.33723921,48.88704844,94.42850522,mango
Red Soil,31.85744939,45.53106268,91.55845821,mango
Red Soil,35.39986338,49.45962621,97.41054011,mango
Red Soil,29.80747243,52.13797867,95.74606104,mango
Red Soil,34.16438906,54.16482251,98.33351125,mango
Red Soil,28.93270187,47.94053996,99.9834242,mango
Red Soil,27.98392787,53.33018851,99.61465679,mango
Red Soil,31.20478173,54.49960506,94.62954663,mango
Red Soil,32.13409675,50.52559148,98.63333684,mango
Red Soil,28.91862016,48.13974548,97.01331604,mango
Clay Soil,31.09779147,47.41196659,90.28624348,mango
Clay Soil,34.73823882,49.08864345,90.65022183,mango
Clay Soil,29.98080499,49.48613279,91.82271568,mango
Clay Soil,33.80398664,46.12866113,90.82549241,mango
Clay Soil,30.07202564,50.96040505,92.09609766,mango
Clay Soil,27.92063282,51.77965917,100.2585673,mango
Clay Soil,31.40948821,49.21729127,92.99739415,mango
Clay Soil,35.7877738,51.94190321,100.2160615,mango
Clay Soil,33.36140093,45.02236377,98.81596545,mango
Clay Soil,35.96054636,48.69677802,98.00644238,mango
Clay Soil,28.33333307,51.39586505,91.67241761,mango
Clay Soil,32.27652024,50.19368841,95.99487068,mango
Clay Soil,31.99490489,50.84881347,97.38741498,mango
Clay Soil,27.58258929,48.56916221,95.8445641,mango
Clay Soil,29.38471637,45.88744691,100.8124659,mango
Clay Soil,32.38697531,53.2328243,90.21633216,mango
Clay Soil,30.91471455,49.92963856,90.14047759,mango
Clay Soil,35.37775595,45.58110023,97.41586402,mango
Clay Soil,32.32362177,52.5896771,93.36718816,mango
Clay Soil,28.22373428,47.40519056,97.76832322,mango
Clay Soil,27.27433181,47.16808054,95.257992,mango
Clay Soil,27.10710832,50.70880979,92.37238878,mango
Clay Soil,34.89226666,48.75613373,91.63074547,mango
Clay Soil,33.7462686,48.50387598,92.26439205,mango
Clay Soil,27.3511056,54.43945147,96.27792547,mango
Clay Soil,32.89300162,52.61323969,94.49161372,mango
Clay Soil,35.38598705,51.42664176,90.29643888,mango
Clay Soil,27.5529736,47.90859131,90.40332704,mango
Clay Soil,32.82141065,47.45553843,90.89173106,mango
Clay Soil,30.17294105,51.0845903,95.23444287,mango
Clay Soil,29.26382931,54.82257868,100.7586226,mango
Clay Soil,32.06097197,51.08494181,96.59816497,mango
Clay Soil,28.69818144,47.71875722,99.642454,mango
Clay Soil,29.14305008,49.40983294,97.55155537,mango
Clay Soil,28.3471611,53.53903102,90.40260445,mango
Clay Soil,27.67256197,45.41692012,92.84991507,mango
Clay Soil,28.1218093,46.16888595,93.30247448,mango
Clay Soil,30.79375683,46.69536813,92.21318555,mango
Clay Soil,28.89409382,54.80750249,94.76322976,mango
Clay Soil,33.33024826,45.61143594,98.28583013,mango
Clay Soil,27.78912455,53.96886679,91.01152997,mango
Alluvial Soil,31.65333432,48.20662669,91.09745581,mango
Alluvial Soil,29.75150773,46.73723302,91.405983,mango
Alluvial Soil,31.32995611,50.22287593,89.78216168,mango
Alluvial Soil,35.63627319,48.97047762,97.51952041,mango
Alluvial Soil,31.66524687,51.98594645,89.98024312,mango
Alluvial Soil,32.26935342,53.56092806,95.94035356,mango
Alluvial Soil,27.81005614,51.59445462,95.89898581,mango
Alluvial Soil,34.58561471,50.34035336,100.3060719,mango
Alluvial Soil,31.27180992,52.23810152,89.74409017,mango
Alluvial Soil,33.93679864,52.72170281,97.4611918,mango
Alluvial Soil,31.09154239,47.02058367,91.46664318,mango
Alluvial Soil,31.89356292,49.02450149,89.59371481,mango
Alluvial Soil,32.45465292,50.69693751,95.04871605,mango
Alluvial Soil,35.47478322,47.97230503,97.79072474,mango
Alluvial Soil,27.32961444,49.30347234,93.53197359,mango
Alluvial Soil,30.90225239,49.95955487,91.77522598,mango
Alluvial Soil,29.09382275,45.5661059,96.23520043,mango
Alluvial Soil,30.02086169,46.78393776,96.63721027,mango
Alluvial Soil,34.13072188,51.25786185,96.38808001,mango
Alluvial Soil,33.44619894,53.05980465,98.05089394,mango
Alluvial Soil,35.3915464,52.48823147,91.22881052,mango
Alluvial Soil,31.53356352,53.06009323,98.57025046,mango
Alluvial Soil,30.7645515,47.93791463,90.38503469,mango
Alluvial Soil,30.01821337,50.0983181,96.08745082,mango
Alluvial Soil,31.32863689,47.59319575,94.67344737,mango
Alluvial Soil,33.88004781,54.39416048,89.29147581,mango
Alluvial Soil,28.07802689,54.9640534,97.45373619,mango
Alluvial Soil,35.53845018,52.94641947,91.54560427,mango
Alluvial Soil,28.70595247,50.44030129,95.8946444,mango
Alluvial Soil,31.48451729,48.77926304,93.17221967,mango
Alluvial Soil,27.69819273,51.41593238,100.7720705,mango
Alluvial Soil,30.41235793,52.48100602,93.92375879,mango
Alluvial Soil,32.17752026,54.01352682,91.88766069,mango
Alluvial Soil,32.6112614,47.74916499,91.10190759,mango
Alluvial Soil,29.99677232,81.54156612,67.12534492,grapes
Alluvial Soil,30.7280404,82.42614055,68.38135469,grapes
Alluvial Soil,32.44577836,83.88504863,68.73932528,grapes
Alluvial Soil,37.46566825,80.65968681,66.83872293,grapes
Alluvial Soil,22.03296178,83.74372787,65.34440794,grapes
Alluvial Soil,39.64851881,82.21079946,70.39906054,grapes
Alluvial Soil,16.77557314,82.75241875,66.76285469,grapes
Alluvial Soil,12.14190714,83.56812483,69.63122027,grapes
Alluvial Soil,12.7567962,81.62497448,66.77844567,grapes
Alluvial Soil,39.04071989,80.18393287,73.88467027,grapes
Alluvial Soil,39.70772192,82.68593454,74.91506217,grapes
Alluvial Soil,9.467960445,82.29335466,66.02765219,grapes
Alluvial Soil,29.58748357,80.91934392,68.06417307,grapes
Alluvial Soil,17.82803682,80.96093443,65.84748763,grapes
Alluvial Soil,8.825674745,82.89753705,67.235765,grapes
Alluvial Soil,27.83487131,83.51444973,73.02882766,grapes
Alluvial Soil,11.02105378,80.55557235,68.23963161,grapes
Alluvial Soil,17.5862944,80.84806564,71.4065452,grapes
Alluvial Soil,19.89363946,82.73366439,69.66256816,grapes
Alluvial Soil,29.93707596,81.77713468,65.52279323,grapes
Alluvial Soil,36.73126647,80.58931938,72.24230804,grapes
Alluvial Soil,20.42094753,81.54185044,66.93065667,grapes
Alluvial Soil,25.51939719,83.98351748,69.17281221,grapes
Alluvial Soil,30.50734778,82.71775569,70.08200379,grapes
Alluvial Soil,18.4269936,80.55625868,69.75734306,grapes
Alluvial Soil,12.087022,83.59398734,68.66813363,grapes
Alluvial Soil,23.60115364,82.48336987,73.23901752,grapes
Alluvial Soil,12.80000387,81.20876367,67.10439401,grapes
Black Soil,38.06099482,82.24729637,65.70148216,grapes
Black Soil,39.06555518,82.03812973,69.30772897,grapes
Black Soil,33.78372897,81.16314317,74.53557341,grapes
Black Soil,16.76201707,82.00335557,73.28712806,grapes
Black Soil,35.89307536,82.66850729,66.53946559,grapes
Black Soil,21.01245395,81.17931863,66.38448261,grapes
Black Soil,10.89875873,80.01639435,68.69420397,grapes
Black Soil,16.36251869,83.00471609,71.55665483,grapes
Black Soil,20.28370163,81.32235739,71.06611222,grapes
Black Soil,25.11108456,83.25447587,73.01026829,grapes
Black Soil,33.4641162,83.86742974,67.92204319,grapes
Black Soil,11.7976469,80.86325389,65.06962486,grapes
Black Soil,11.36300891,80.03100049,71.18289431,grapes
Black Soil,25.23542319,80.68700527,67.03840888,grapes
Black Soil,15.99050693,81.23966573,74.40198861,grapes
Black Soil,22.4359017,80.18612085,65.3973168,grapes
Black Soil,34.76086052,81.03544763,65.70430027,grapes
Black Soil,31.11047251,83.34010951,71.43001582,grapes
Black Soil,28.57828803,80.95628959,73.34232097,grapes
Black Soil,41.18664903,81.01783402,68.68895899,grapes
Black Soil,27.02766138,83.17093908,70.95666003,grapes
Black Soil,21.19339319,82.33098331,74.62834921,grapes
Black Soil,10.38004759,83.44518113,67.3917379,grapes
Black Soil,31.3115978,82.56407013,65.01095312,grapes
Black Soil,20.46657776,80.97598029,71.29813872,grapes
Black Soil,29.36947679,81.53996362,66.13442813,grapes
Black Soil,10.72302459,80.02130636,65.2982112,grapes
Black Soil,14.97846952,80.49979873,71.63437433,grapes
Black Soil,15.3246651,81.67215994,71.60102999,grapes
Black Soil,18.73932187,81.12109244,73.55807954,grapes
Black Soil,19.3642553,83.36094029,67.15094741,grapes
Black Soil,41.20733624,81.61051026,65.90227462,grapes
Black Soil,33.34214482,82.51034633,70.68098614,grapes
Black Soil,23.81995682,80.12211649,67.2739864,grapes
Black Soil,40.66012294,81.24995984,74.03030056,grapes
Black Soil,11.82768186,80.2827185,74.10225057,grapes
Black Soil,13.28504331,83.54193816,65.80006004,grapes
Black Soil,35.83089092,83.32560104,73.67984885,grapes
Black Soil,26.18159716,81.03886263,66.05911698,grapes
Black Soil,24.57558351,80.70695797,69.706113,grapes
Black Soil,29.67229086,83.71498986,66.48490371,grapes
Black Soil,39.37102553,81.25353895,74.08101744,grapes
Black Soil,17.66558428,82.92903419,69.8671263,grapes
Black Soil,24.06679352,82.66396666,69.81855775,grapes
Black Soil,15.31413469,80.09711412,74.82144653,grapes
Black Soil,21.77466746,80.54942557,69.39630398,grapes
Black Soil,26.91624843,80.76838926,69.30927185,grapes
Black Soil,41.65602996,82.22118237,74.19664838,grapes
Black Soil,17.98667801,81.17712085,72.37127689,grapes
Black Soil,29.12033769,82.79092939,68.8503047,grapes
Black Soil,34.38922481,83.18392806,71.03001556,grapes
Black Soil,41.36106301,82.79782954,69.92107482,grapes
Black Soil,35.12158265,82.26890793,69.71518491,grapes
Black Soil,19.6491772,80.15215777,73.69529586,grapes
Black Soil,16.27852801,82.94270065,66.57462809,grapes
Black Soil,21.11903604,80.63399198,69.27779761,grapes
Black Soil,19.2077707,82.9042841,66.83113717,grapes
Black Soil,25.96308415,82.57813624,70.31782647,grapes
Black Soil,25.67385024,81.6212135,74.10919422,grapes
Black Soil,41.94865736,81.15595212,73.06862952,grapes
Black Soil,11.18994268,80.8084305,66.34234944,grapes
Black Soil,17.5438296,82.94703302,73.77063744,grapes
Black Soil,13.05809741,80.28297993,70.75633584,grapes
Black Soil,9.724457611,83.74765639,74.46411148,grapes
Black Soil,27.92004934,82.93262435,69.92092839,grapes
Black Soil,9.535585543,80.73112694,69.44115171,grapes
Black Soil,13.42988625,80.06633966,71.40043037,grapes
Black Soil,9.851242629,80.22631717,68.42802444,grapes
Black Soil,24.97256132,82.72828653,66.70016285,grapes
Black Soil,27.23708304,82.94573346,70.42508897,grapes
Black Soil,18.70679077,83.4795292,66.5964488,grapes
Black Soil,9.949929082,82.55138983,66.00817551,grapes
Black Soil,26.47330219,80.92254421,53.65742581,watermelon
Black Soil,25.18780042,83.44621709,46.87420883,watermelon
Black Soil,25.29954705,81.77527562,57.04147057,watermelon
Black Soil,24.74631269,88.30866319,57.95826144,watermelon
Black Soil,26.58740671,81.32563243,41.87540028,watermelon
Black Soil,24.53442564,88.989272,49.11618732,watermelon
Black Soil,26.0713757,88.7285657,57.79652846,watermelon
Black Soil,25.96534238,89.77076659,59.46338556,watermelon
Black Soil,26.22338015,85.34866045,54.60159289,watermelon
Black Soil,24.41311871,89.81574032,44.07843475,watermelon
Black Soil,26.49195283,80.04678201,57.72799157,watermelon
Black Soil,24.04355803,84.18406764,53.78929956,watermelon
Black Soil,25.5421695,83.31883376,57.57343233,watermelon
Black Soil,26.74550678,83.9195902,40.794305,watermelon
Black Soil,25.7131428,80.22972777,43.08961827,watermelon
Black Soil,25.76484262,84.1726996,44.22066914,watermelon
Black Soil,26.79489868,89.64815231,57.74091817,watermelon
Black Soil,24.9004602,89.73524177,57.44942094,watermelon
Black Soil,26.80750629,88.22874955,58.79889057,watermelon
Black Soil,25.11189154,80.02621335,44.20656987,watermelon
Black Soil,26.2148837,87.6883982,59.65590798,watermelon
Black Soil,24.9103226,86.97190046,49.48575692,watermelon
Black Soil,25.79448878,84.26830701,56.45229202,watermelon
Black Soil,25.26931156,87.55055105,40.12650421,watermelon
Black Soil,25.76402693,87.5931128,46.05122728,watermelon
Black Soil,25.85483596,89.13163965,46.85176955,watermelon
Black Soil,24.33528185,81.44030363,48.32113628,watermelon
Black Soil,25.37601283,80.99313508,57.23028471,watermelon
Black Soil,24.86094646,85.05318563,55.29563514,watermelon
Black Soil,24.71885473,88.94568335,48.45978627,watermelon
Black Soil,24.21495706,84.20576992,48.01138482,watermelon
Alluvial Soil,25.81692236,82.043255,54.82963379,watermelon
Alluvial Soil,24.47018505,84.16390229,57.26773002,watermelon
Alluvial Soil,24.13078816,84.84494575,51.19470197,watermelon
Alluvial Soil,26.1793464,86.52258079,49.43050977,watermelon
Alluvial Soil,26.17668721,86.7295205,53.33484977,watermelon
Alluvial Soil,26.03867719,84.6378378,44.3993381,watermelon
Alluvial Soil,26.53259325,82.39053979,54.30660782,watermelon
Alluvial Soil,26.81938687,87.8274604,46.06193778,watermelon
Alluvial Soil,25.50405534,81.40297428,48.47833278,watermelon
Alluvial Soil,26.20234499,80.38266489,56.47941847,watermelon
Alluvial Soil,25.13735887,89.28272716,43.52897517,watermelon
Alluvial Soil,25.92030221,83.47202566,42.10681516,watermelon
Alluvial Soil,26.6634609,89.98405233,57.40847165,watermelon
Alluvial Soil,24.06731461,81.64075303,51.75212401,watermelon
Alluvial Soil,24.6774157,82.75411437,57.05709413,watermelon
Alluvial Soil,26.11440416,87.64081095,58.48160844,watermelon
Alluvial Soil,26.81530456,87.65694462,55.74073582,watermelon
Alluvial Soil,25.15623099,80.27525115,55.49541453,watermelon
Alluvial Soil,25.2801372,83.15393658,49.29456609,watermelon
Alluvial Soil,26.22005978,80.90127035,49.08553937,watermelon
Alluvial Soil,24.92093261,80.61750795,50.55710813,watermelon
Alluvial Soil,26.21667586,81.01009354,54.65423596,watermelon
Alluvial Soil,26.81383586,87.21986949,51.70497792,watermelon
Alluvial Soil,24.31334971,87.47409052,48.11248366,watermelon
Clay Soil,24.29105004,88.04541346,51.26046418,watermelon
Clay Soil,24.42998931,86.33904774,48.58241822,watermelon
Clay Soil,25.66576039,88.6984228,54.22722466,watermelon
Clay Soil,25.07803672,83.46230461,56.39962921,watermelon
Clay Soil,24.88910524,85.87059083,51.70699144,watermelon
Clay Soil,25.42900869,82.91481799,56.34144589,watermelon
Clay Soil,24.37118217,87.1269128,44.63907691,watermelon
Clay Soil,26.4930645,88.59143088,46.06382209,watermelon
Clay Soil,25.83202912,89.00481725,45.24690619,watermelon
Clay Soil,24.41592661,89.39655519,40.32161859,watermelon
Clay Soil,24.37190239,81.2514818,44.20899581,watermelon
Clay Soil,24.24782473,83.03687902,54.7657624,watermelon
Clay Soil,24.64458469,85.49938185,48.31219031,watermelon
Clay Soil,24.89681131,86.10782926,53.14626213,watermelon
Clay Soil,25.41864024,81.12122989,49.52320689,watermelon
Clay Soil,26.26028739,86.14585891,58.97878791,watermelon
Clay Soil,24.90123934,87.20772913,46.59207341,watermelon
Clay Soil,24.84740848,89.20454622,59.67927244,watermelon
Clay Soil,26.98212846,86.70068316,42.91292205,watermelon
Clay Soil,26.90435747,86.25426228,59.75980023,watermelon
Clay Soil,25.86475496,86.67468041,41.16554802,watermelon
Clay Soil,26.70607759,81.14149505,51.51033554,watermelon
Clay Soil,26.44019475,80.91934337,47.81847573,watermelon
Clay Soil,26.283443,84.42478917,50.78669728,watermelon
Clay Soil,26.84366082,83.85039964,40.228644,watermelon
Clay Soil,26.03967219,83.9862443,43.87712348,watermelon
Clay Soil,24.92994759,85.00802358,48.75859458,watermelon
Clay Soil,25.50736962,84.24340241,44.2068997,watermelon
Clay Soil,25.4438391,87.9392312,57.51549686,watermelon
Clay Soil,26.12588914,86.5507939,40.71210074,watermelon
Clay Soil,25.10474753,87.5267616,59.26519444,watermelon
Clay Soil,26.27520631,86.63249555,54.38748495,watermelon
Clay Soil,26.27061608,83.09194521,46.76837499,watermelon
Clay Soil,26.73690828,87.82430156,47.46447019,watermelon
Clay Soil,25.04746944,85.5667282,56.72496677,watermelon
Clay Soil,24.69368934,85.56967628,48.99390828,watermelon
Clay Soil,24.54356968,84.60808277,42.00660251,watermelon
Clay Soil,25.89762315,81.96664832,54.49960057,watermelon
Clay Soil,26.6333118,84.31756844,56.31866159,watermelon
Clay Soil,25.35794749,80.45846265,47.72078245,watermelon
Clay Soil,25.28784623,89.63667876,58.28697664,watermelon
Clay Soil,26.63838589,84.69546874,48.32428609,watermelon
Clay Soil,25.3310446,84.30533791,41.53218699,watermelon
Clay Soil,26.89750174,83.89241484,43.97193745,watermelon
Clay Soil,26.98603693,89.4138489,58.54876687,watermelon
Clay Soil,35.21462816,91.49725058,243.0745066,papaya
Clay Soil,42.39413392,90.79028064,88.46607497,papaya
Clay Soil,38.4191628,91.14220381,119.2653877,papaya
Clay Soil,35.33294932,92.11508608,235.6133585,papaya
Clay Soil,42.92325255,90.07600528,196.2408242,papaya
Clay Soil,33.83508569,92.85470152,203.4044028,papaya
Clay Soil,33.20258348,92.76437927,197.5282582,papaya
Clay Soil,23.48546973,93.71043692,191.7760562,papaya
Clay Soil,29.33710543,90.81781439,202.0572747,papaya
Clay Soil,40.21199348,94.50766912,186.6762324,papaya
Clay Soil,42.13473976,91.70445386,197.402901,papaya
Clay Soil,32.86316618,91.4618874,47.271547,papaya
Clay Soil,29.80744318,91.38048469,232.7046126,papaya
Clay Soil,31.56213762,93.0484859,63.62250788,papaya
Clay Soil,36.32268069,93.06134398,141.1736926,papaya
Clay Soil,37.13165026,94.60761797,172.4788062,papaya
Clay Soil,38.4418717,93.63739039,77.71566883,papaya
Clay Soil,32.66160599,90.78931681,78.85085502,papaya
Black Soil,27.92765919,91.55594211,149.9107557,papaya
Black Soil,39.01793345,91.48815629,105.8841531,papaya
Black Soil,32.51247398,94.65904123,51.07048113,papaya
Black Soil,38.72382798,91.72514851,62.62377075,papaya
Black Soil,43.30204933,92.83405443,110.562229,papaya
Black Soil,27.58548913,90.72526502,238.5008779,papaya
Black Soil,40.78881819,92.90951393,132.7923586,papaya
Black Soil,23.19451074,91.40301608,206.3999208,papaya
Black Soil,32.68067385,92.61715632,248.8592986,papaya
Black Soil,34.28879307,93.61082872,127.2509777,papaya
Black Soil,39.30050027,94.16193416,120.9512466,papaya
Black Soil,39.73149053,91.12220596,122.7628653,papaya
Black Soil,39.23342464,91.25589286,64.4478499,papaya
Black Soil,27.34734861,94.17756725,40.35153141,papaya
Black Soil,40.76998685,92.09278584,209.8678411,papaya
Black Soil,26.26559543,90.79668055,59.49373381,papaya
Black Soil,28.12971499,93.3210737,117.8201907,papaya
Black Soil,34.2804607,90.55561637,98.54047745,papaya
Black Soil,33.7960155,93.00754254,182.026807,papaya
Black Soil,31.53243779,90.87394933,207.0735119,papaya
Black Soil,42.30495821,90.51431779,74.876786,papaya
Black Soil,24.63676897,90.61964344,218.2299187,papaya
Black Soil,28.28222883,91.37059792,179.2720807,papaya
Black Soil,24.48620746,92.98254537,183.49095,papaya
Black Soil,42.84609252,94.63548176,78.8099639,papaya
Alluvial Soil,43.67549305,93.10887229,103.8235658,papaya
Alluvial Soil,42.07213781,92.92203105,165.7412972,papaya
Alluvial Soil,33.46873719,92.12746225,136.8277041,papaya
Alluvial Soil,31.7018373,91.66232213,48.83810592,papaya
Alluvial Soil,41.41968393,90.03863107,199.3096432,papaya
Alluvial Soil,42.54744013,94.94482086,214.4103848,papaya
Alluvial Soil,28.91842453,94.63676767,63.68794608,papaya
Alluvial Soil,43.08022702,93.90305729,211.8529059,papaya
Alluvial Soil,29.20300896,93.96834049,209.4083305,papaya
Alluvial Soil,41.04224355,91.37258067,181.527598,papaya
Alluvial Soil,25.62446619,93.18240298,97.26336657,papaya
Alluvial Soil,35.32876402,91.06138506,163.9069365,papaya
Alluvial Soil,24.42561272,92.27749066,63.35298768,papaya
Alluvial Soil,31.18298415,90.21646909,54.01872359,papaya
Alluvial Soil,31.88342554,91.3256535,79.27201575,papaya
Alluvial Soil,42.93368602,91.1756748,246.3613268,papaya
Alluvial Soil,23.11407669,94.31994776,231.5153161,papaya
Alluvial Soil,24.87212063,93.90560147,135.1694525,papaya
Alluvial Soil,43.36051537,93.35191636,114.778071,papaya
Alluvial Soil,26.83054058,90.75379971,144.6656444,papaya
Alluvial Soil,30.42012134,93.12659793,75.95295,papaya
Alluvial Soil,28.64555584,93.22642604,115.8163936,papaya
Alluvial Soil,32.50037548,93.47888842,71.73759526,papaya
Alluvial Soil,43.03714283,94.6428898,41.5856585,papaya
Alluvial Soil,30.10773379,90.34546355,75.24521981,papaya
Alluvial Soil,23.69212243,93.61055571,87.53393983,papaya
Alluvial Soil,35.67667332,93.30641944,141.3381168,papaya
Alluvial Soil,27.71948962,94.43877142,82.83061083,papaya
Alluvial Soil,35.26824831,92.38282957,149.8488208,papaya
Alluvial Soil,23.16855863,90.78821158,161.6892093,papaya
Alluvial Soil,33.08706051,92.25197542,88.1300769,papaya
Alluvial Soil,37.4620912,90.44967809,172.3458448,papaya
Alluvial Soil,38.73218907,94.73613484,218.142147,papaya
Alluvial Soil,32.57720726,92.74889453,93.7942847,papaya
Alluvial Soil,38.38231475,93.10378595,210.2735346,papaya
Alluvial Soil,42.93605359,90.09448142,234.8466111,papaya
Alluvial Soil,25.65492304,92.74501561,52.95477913,papaya
Alluvial Soil,37.58899717,91.99740365,159.6577388,papaya
Alluvial Soil,29.60718808,93.15642801,62.68710535,papaya
Alluvial Soil,25.34756111,93.02871078,174.4012337,papaya
Alluvial Soil,25.9300384,93.02357765,241.8202079,papaya
Alluvial Soil,32.76795887,94.57377401,240.4795923,papaya
Alluvial Soil,29.02328049,90.20396783,126.8069869,papaya
Alluvial Soil,40.00439101,90.17015833,92.11877372,papaya
Alluvial Soil,33.32315744,91.25271223,234.496633,papaya
Alluvial Soil,31.22790131,94.94021378,46.44279118,papaya
Alluvial Soil,26.68386496,92.9585411,62.50689682,papaya
Alluvial Soil,24.70528368,90.14732171,108.4103158,papaya
Alluvial Soil,38.2016825,93.97379963,218.0908814,papaya
Alluvial Soil,36.56769731,93.79503425,104.4218596,papaya
Alluvial Soil,26.05375792,93.69111672,240.6863901,papaya
Alluvial Soil,31.29986342,92.76039164,54.77830202,papaya
Alluvial Soil,40.10207731,94.35110201,149.1199989,papaya
Alluvial Soil,38.58954491,91.58076549,102.2708231,papaya
Alluvial Soil,41.31330062,91.1508798,239.7427554,papaya
Alluvial Soil,37.03551903,91.79430166,188.5181422,papaya
Alluvial Soil,23.0124018,91.07355541,208.3357976,papaya
Alluvial Soil,26.7627493,92.86056895,224.5903664,coconut
Alluvial Soil,25.61294367,94.3138837,224.3206759,coconut
Alluvial Soil,28.130115,95.64807631,151.0761899,coconut
Alluvial Soil,25.02887163,91.53720922,179.8248944,coconut
Alluvial Soil,27.79797651,99.64573002,181.6942283,coconut
Alluvial Soil,29.25902906,95.11294697,184.7624496,coconut
Alluvial Soil,27.10134661,93.69979946,150.9502632,coconut
Alluvial Soil,25.84726298,90.92669463,147.8888994,coconut
Alluvial Soil,26.58580443,90.98617591,178.8116076,coconut
Alluvial Soil,28.38503882,99.18843684,189.6711349,coconut
Alluvial Soil,28.43647052,91.81320717,145.5414413,coconut
Alluvial Soil,28.27298134,96.93649473,198.8234862,coconut
Alluvial Soil,27.00648436,96.46168931,144.3331315,coconut
Alluvial Soil,27.63551259,99.34854917,157.9171537,coconut
Alluvial Soil,26.29644905,99.65809151,215.9195049,coconut
Alluvial Soil,27.1326009,95.23797989,204.7206567,coconut
Alluvial Soil,25.56567803,97.61361544,199.7936345,coconut
Alluvial Soil,25.94951662,93.40548703,172.0540491,coconut
Alluvial Soil,28.03380598,95.01630593,218.0055713,coconut
Alluvial Soil,29.12859129,91.30924833,157.2388553,coconut
Alluvial Soil,27.0828252,97.00155491,171.7575545,coconut
Alluvial Soil,28.11321494,90.01734526,172.4813641,coconut
Alluvial Soil,27.5136304,94.18955816,156.6732553,coconut
Alluvial Soil,27.63834933,95.48763389,205.5463111,coconut
Alluvial Soil,29.01256899,94.01014388,150.0500312,coconut
Alluvial Soil,26.58413917,95.78923137,171.6262299,coconut
Alluvial Soil,28.28905147,97.00396405,142.9403233,coconut
Alluvial Soil,28.69164799,96.65248672,178.9635457,coconut
Alluvial Soil,29.70931288,96.30484325,209.8453993,coconut
Alluvial Soil,27.14865285,96.66355213,149.2433497,coconut
Alluvial Soil,29.28725038,91.95614918,132.1491176,coconut
Red Soil,25.06871967,93.31410447,134.8419069,coconut
Red Soil,26.92449525,91.20106019,194.9022136,coconut
Red Soil,28.27804288,93.64761266,171.9457959,coconut
Red Soil,29.18032562,92.73041222,204.9603677,coconut
Red Soil,28.3575072,91.64509299,160.7306991,coconut
Red Soil,29.38072512,93.27565685,218.5241851,coconut
Red Soil,25.39241091,98.08951196,218.080385,coconut
Red Soil,26.31270635,98.62048026,208.1181381,coconut
Red Soil,29.52501367,91.91185319,194.3100272,coconut
Red Soil,28.83214859,92.17170353,145.4172387,coconut
Red Soil,28.48444906,97.76865458,160.389421,coconut
Red Soil,28.74013335,93.39676499,156.7650823,coconut
Red Soil,25.00872392,95.59224018,165.8092179,coconut
Red Soil,29.8690834,91.14723422,192.7678575,coconut
Red Soil,27.54273211,94.59086121,150.2012138,coconut
Red Soil,26.52166434,98.38227669,144.6261698,coconut
Red Soil,25.03512351,95.89739958,174.796583,coconut
Red Soil,29.20394909,95.66997327,211.2506267,coconut
Red Soil,27.05826457,91.10510371,224.7006953,coconut
Red Soil,26.18552389,96.96637916,135.4186222,coconut
Red Soil,27.59376845,92.48519606,162.8432736,coconut
Red Soil,25.76011662,94.65830608,131.2451414,coconut
Red Soil,28.87862994,95.11320315,145.0583117,coconut
Red Soil,26.50908611,94.48414544,199.8778403,coconut
Red Soil,26.87037587,91.72546257,214.4128874,coconut
Red Soil,27.57283516,94.90485697,145.9298935,coconut
Red Soil,28.05912437,98.3670985,171.6516396,coconut
Red Soil,29.51611558,92.56492864,131.2116167,coconut
Red Soil,28.96318258,95.16333673,222.803013,coconut
Red Soil,25.09897688,92.36099489,157.7592626,coconut
Red Soil,27.1872282,92.19906776,141.3220576,coconut
Red Soil,29.03065024,90.79093862,205.5720367,coconut
Red Soil,27.754298,95.94643831,131.0900076,coconut
Red Soil,27.31155708,99.96906006,201.8258633,coconut
Red Soil,28.84270971,99.64328526,224.4016682,coconut
Red Soil,26.61423461,96.97300803,191.006688,coconut
Red Soil,29.70143197,95.65754365,215.1968037,coconut
Red Soil,25.54759871,91.64194826,212.867626,coconut
Red Soil,26.37978453,91.49882979,167.0470997,coconut
Red Soil,27.45907759,92.90736493,142.1430003,coconut
Red Soil,27.02269204,95.71935435,147.1682459,coconut
Red Soil,28.98545306,90.73966792,148.8398374,coconut
Red Soil,26.1055118,91.52421214,134.1279669,coconut
Red Soil,25.0707247,95.02156793,192.9036306,coconut
Red Soil,25.54963273,96.92786777,191.2996157,coconut
Red Soil,28.56973521,95.67906668,134.8370348,coconut
Red Soil,26.07010807,96.7036223,143.533473,coconut
Red Soil,25.51791333,94.38420565,178.7297725,coconut
Red Soil,25.9490364,94.73860514,144.1571109,coconut
Red Soil,28.2974764,95.41122824,182.4482352,coconut
Clay Soil,29.56549169,91.40896307,224.8315729,coconut
Clay Soil,29.69952329,95.21224392,148.3003692,coconut
Clay Soil,26.14162144,93.28415295,195.4115025,coconut
Clay Soil,26.00175125,94.79998418,209.540094,coconut
Clay Soil,27.15116142,91.48889469,164.9182225,coconut
Clay Soil,28.97318719,98.09861043,213.9011021,coconut
Clay Soil,26.13958446,96.38580769,131.3387935,coconut
Clay Soil,25.51618488,94.33465411,135.1272491,coconut
Clay Soil,27.55821802,99.98187601,174.6256481,coconut
Clay Soil,27.81132822,97.48410555,154.0621221,coconut
Clay Soil,25.60033702,99.7240104,165.8248732,coconut
Clay Soil,26.91641934,99.84671638,225.6323656,coconut
Clay Soil,29.1797902,90.27214288,188.9252083,coconut
Clay Soil,26.44600063,98.29937782,221.2258168,coconut
Clay Soil,28.43572863,95.8840407,203.9283708,coconut
Clay Soil,28.94099669,93.00109012,191.7723087,coconut
Clay Soil,26.45488737,93.45042636,149.2220255,coconut
Clay Soil,25.79490531,93.84150618,152.4238712,coconut
Clay Soil,26.93141945,98.80313612,166.5712879,coconut
Black Soil,24.40228894,79.19732001,90.8022356,cotton
Black Soil,23.09595631,84.86275707,71.29581071,cotton
Black Soil,23.9656349,76.97696717,90.75616738,cotton
Black Soil,24.88738107,75.62137159,89.76050416,cotton
Black Soil,25.36243778,83.63276077,88.43618918,cotton
Black Soil,24.69457084,81.7358876,78.58494391,cotton
Black Soil,25.0017188,80.53965818,96.32600992,cotton
Black Soil,22.45942937,81.30681027,64.23026638,cotton
Black Soil,23.60564038,79.29573149,72.49800885,cotton
Black Soil,24.58453146,79.12404171,71.94608134,cotton
Black Soil,23.0865933,83.55546146,71.84080724,cotton
Black Soil,23.5000992,83.63488952,79.81328183,cotton
Black Soil,24.1472953,75.88298598,69.91563467,cotton
Black Soil,24.69315538,84.84422454,89.799462,cotton
Black Soil,24.484692,84.44932014,90.94342484,cotton
Black Soil,24.49112609,82.24415809,64.02949379,cotton
Black Soil,23.47986888,81.73049149,86.76287924,cotton
Black Soil,24.18586246,76.04203958,69.08056728,cotton
Black Soil,25.00755095,78.17952126,86.06411872,cotton
Black Soil,25.99237426,77.0543546,89.1188212,cotton
Black Soil,23.66457347,81.69105088,99.36898373,cotton
Black Soil,25.66891439,81.38103349,78.59595817,cotton
Black Soil,22.04612876,84.62978302,86.00758678,cotton
Black Soil,22.4204752,84.55794703,93.46595573,cotton
Black Soil,25.03149561,82.21276599,95.0191318,cotton
Black Soil,23.53371386,77.21705554,87.54004943,cotton
Black Soil,22.77076388,82.5993307,81.49543437,cotton
Black Soil,25.49848236,79.9751579,67.05961949,cotton
Black Soil,25.248679,83.4630147,86.55517751,cotton
Black Soil,22.78249615,77.51235009,64.61444234,cotton
Black Soil,23.37044424,77.43198948,71.67870701,cotton
Black Soil,24.86560781,78.22080815,79.56866268,cotton
Black Soil,24.14386157,84.51591287,80.36146974,cotton
Black Soil,25.03300222,79.04368718,97.10087029,cotton
Black Soil,23.65724079,84.47601498,88.54479121,cotton
Black Soil,25.54359718,84.09229796,88.94245493,cotton
Black Soil,22.00085141,79.47270984,90.42224164,cotton
Black Soil,23.64328417,78.1258666,80.96157332,cotton
Black Soil,23.96436009,78.02763149,84.63148859,cotton
Black Soil,24.65425757,75.6350708,61.82980133,cotton
Black Soil,24.3017998,84.87668973,65.0247867,cotton
Black Soil,24.29144926,81.02453404,90.41694635,cotton
Black Soil,24.29470232,84.61527627,81.05902285,cotton
Black Soil,25.72180042,81.19666206,99.93100821,cotton
Clay Soil,24.87663664,76.30050373,91.9223468,cotton
Clay Soil,22.60612115,77.34264002,75.13617229,cotton
Clay Soil,23.86814008,75.68339729,90.4547185,cotton
Clay Soil,23.41022496,76.43836957,78.82199603,cotton
Clay Soil,24.96440768,81.31677618,80.03995829,cotton
Clay Soil,25.16820129,80.30351815,84.62419032,cotton
Clay Soil,22.72767171,77.07598065,77.55176318,cotton
Clay Soil,22.45145981,76.25674874,86.84998693,cotton
Clay Soil,23.04920461,75.53835214,70.65644296,cotton
Clay Soil,25.29250148,75.66653335,62.64174227,cotton
Clay Soil,22.95604064,82.33733678,66.48339303,cotton
Clay Soil,22.80213132,84.14668447,91.6389565,cotton
Clay Soil,23.54234715,75.98203329,84.12536744,cotton
Clay Soil,24.41212325,80.80343786,98.60457373,cotton
Clay Soil,22.94276687,75.37170612,67.08022574,cotton
Clay Soil,25.53676123,81.13668716,95.4262599,cotton
Clay Soil,25.32023717,81.79475917,83.46532547,cotton
Clay Soil,22.426733,81.53480799,65.54475812,cotton
Clay Soil,25.78544484,75.00539324,91.39578861,cotton
Clay Soil,25.68959532,77.90621048,66.19426787,cotton
Clay Soil,22.14593688,82.8597549,60.65381719,cotton
Clay Soil,25.07278712,82.50257909,93.51042684,cotton
Clay Soil,22.21506982,76.17851932,70.40557612,cotton
Clay Soil,23.9643129,76.59175937,76.13090645,cotton
Clay Soil,25.40059227,76.53237965,62.5138867,cotton
Alluvial Soil,23.7805123,83.03878838,66.26555904,cotton
Alluvial Soil,24.16402322,76.7433897,61.94626051,cotton
Alluvial Soil,25.31468463,77.91757121,72.82902109,cotton
Alluvial Soil,22.60361557,80.3509046,88.57395505,cotton
Alluvial Soil,22.9535715,78.71555832,99.75336197,cotton
Alluvial Soil,22.74446976,80.41198458,90.07326633,cotton
Alluvial Soil,23.80834611,83.91902605,70.97358303,cotton
Alluvial Soil,25.46228792,81.56641891,76.88582484,cotton
Alluvial Soil,25.96779712,81.97904282,74.14169043,cotton
Alluvial Soil,25.5308271,80.04662756,99.39557151,cotton
Alluvial Soil,24.43847399,81.69801729,60.79645852,cotton
Alluvial Soil,23.03887865,76.47039772,90.64770699,cotton
Alluvial Soil,23.51308653,76.72621429,80.11272117,cotton
Alluvial Soil,22.75805656,76.75768356,97.76600619,cotton
Alluvial Soil,24.71252544,77.7293114,85.24963302,cotton
Alluvial Soil,23.45969093,82.44777468,93.50153555,cotton
Alluvial Soil,25.5503704,77.85055621,78.58488484,cotton
Alluvial Soil,22.08458267,82.82904143,67.06459777,cotton
Alluvial Soil,24.68854799,78.51206972,69.31153566,cotton
Alluvial Soil,25.84997269,84.16855231,77.03421249,cotton
Alluvial Soil,22.46054478,75.40989245,71.85436078,cotton
Alluvial Soil,23.65629976,77.52425987,74.8984994,cotton
Alluvial Soil,22.00817088,81.83896111,92.23645249,cotton
Alluvial Soil,24.32630461,80.13456404,69.45072055,cotton
Alluvial Soil,22.92360984,82.68738535,92.91915074,cotton
Alluvial Soil,23.43821725,78.63388824,81.15072105,cotton
Alluvial Soil,22.10718988,78.58320116,74.94136567,cotton
Alluvial Soil,23.03814028,76.11021529,91.49697481,cotton
Alluvial Soil,24.54795322,75.39752705,63.88079866,cotton
Alluvial Soil,23.73868041,75.77503808,76.63669195,cotton
Alluvial Soil,22.31871914,83.86129998,65.35747011,cotton
